country_DE,country_ES,country_FR,country_IT,customer_segment_Premium,customer_segment_Standard,acquisition_channel_Organic,acquisition_channel_Paid Ads,acquisition_channel_Referral,recency_days,frequency,monetary_total,avg_order_value,recent_30d_spend,prev_30d_spend,spend_trend,tenure_days
0.0,0.0,1.0,0.0,0.0,1.0,1.0,0.0,0.0,11.0,2.0,68.91,34.455,29.64,0.0,29.64,459.0
0.0,0.0,0.0,0.0,0.0,0.0,1.0,0.0,0.0,38.0,3.0,113.4,37.800000000000004,0.0,44.15,-44.15,720.0
0.0,1.0,0.0,0.0,0.0,0.0,1.0,0.0,0.0,110.0,1.0,60.4,60.4,0.0,0.0,0.0,489.0
0.0,0.0,0.0,1.0,0.0,1.0,0.0,1.0,0.0,13.0,2.0,120.1,60.05,101.39,18.71,82.68,404.0
0.0,0.0,1.0,0.0,0.0,0.0,0.0,0.0,1.0,148.0,1.0,33.23,33.23,0.0,0.0,0.0,476.0
0.0,1.0,0.0,0.0,0.0,0.0,1.0,0.0,0.0,55.0,1.0,30.26,30.26,0.0,30.26,-30.26,603.0
0.0,0.0,0.0,0.0,0.0,1.0,1.0,0.0,0.0,181.0,0.0,0.0,0.0,0.0,0.0,0.0,661.0
0.0,0.0,1.0,0.0,0.0,1.0,1.0,0.0,0.0,9.0,1.0,34.06,34.06,34.06,0.0,34.06,93.0
1.0,0.0,0.0,0.0,0.0,1.0,0.0,0.0,0.0,181.0,0.0,0.0,0.0,0.0,0.0,0.0,23.0
1.0,0.0,0.0,0.0,0.0,1.0,1.0,0.0,0.0,25.0,6.0,293.46000000000004,48.910000000000004,123.19,0.0,123.19,574.0
0.0,0.0,0.0,0.0,0.0,0.0,0.0,0.0,1.0,69.0,2.0,31.49,15.745,0.0,0.0,0.0,352.0
0.0,0.0,0.0,0.0,0.0,1.0,1.0,0.0,0.0,32.0,6.0,301.04,50.17333333333334,0.0,105.14,-105.14,192.0
1.0,0.0,0.0,0.0,0.0,1.0,0.0,1.0,0.0,52.0,1.0,24.71,24.71,0.0,24.71,-24.71,77.0
0.0,0.0,1.0,0.0,0.0,0.0,0.0,1.0,0.0,1.0,3.0,86.58000000000001,28.860000000000003,16.78,0.0,16.78,411.0
0.0,0.0,0.0,1.0,0.0,0.0,0.0,0.0,0.0,9.0,2.0,43.85,21.925,17.75,26.1,-8.350000000000001,136.0
1.0,0.0,0.0,0.0,0.0,1.0,0.0,0.0,1.0,181.0,0.0,0.0,0.0,0.0,0.0,0.0,104.0
0.0,1.0,0.0,0.0,0.0,1.0,1.0,0.0,0.0,6.0,2.0,48.5,24.25,48.5,0.0,48.5,203.0
0.0,1.0,0.0,0.0,0.0,0.0,0.0,0.0,0.0,181.0,0.0,0.0,0.0,0.0,0.0,0.0,29.0
0.0,1.0,0.0,0.0,0.0,1.0,1.0,0.0,0.0,93.0,2.0,102.86,51.43,0.0,0.0,0.0,404.0
0.0,1.0,0.0,0.0,0.0,0.0,0.0,1.0,0.0,25.0,1.0,32.24,32.24,32.24,0.0,32.24,60.0
0.0,0.0,0.0,1.0,1.0,0.0,0.0,0.0,1.0,3.0,4.0,205.32,51.33,55.08,0.0,55.08,486.0
1.0,0.0,0.0,0.0,0.0,1.0,1.0,0.0,0.0,110.0,3.0,223.54,74.51333333333334,0.0,0.0,0.0,512.0
0.0,0.0,1.0,0.0,0.0,0.0,1.0,0.0,0.0,34.0,1.0,583.76,583.76,0.0,583.76,-583.76,57.0
0.0,0.0,0.0,0.0,0.0,1.0,1.0,0.0,0.0,7.0,4.0,216.46,54.115,48.709999999999994,0.0,48.709999999999994,536.0
0.0,1.0,0.0,0.0,0.0,1.0,1.0,0.0,0.0,181.0,0.0,0.0,0.0,0.0,0.0,0.0,101.0
0.0,1.0,0.0,0.0,0.0,1.0,0.0,0.0,1.0,181.0,0.0,0.0,0.0,0.0,0.0,0.0,112.0
1.0,0.0,0.0,0.0,0.0,1.0,0.0,1.0,0.0,42.0,2.0,135.6,67.8,0.0,55.83,-55.83,498.0
0.0,0.0,0.0,1.0,0.0,0.0,0.0,1.0,0.0,181.0,0.0,0.0,0.0,0.0,0.0,0.0,457.0
0.0,1.0,0.0,0.0,1.0,0.0,0.0,1.0,0.0,181.0,0.0,0.0,0.0,0.0,0.0,0.0,298.0
0.0,1.0,0.0,0.0,0.0,0.0,0.0,0.0,1.0,181.0,0.0,0.0,0.0,0.0,0.0,0.0,24.0
0.0,0.0,1.0,0.0,0.0,1.0,0.0,0.0,1.0,44.0,1.0,44.27,44.27,0.0,44.27,-44.27,145.0
0.0,0.0,0.0,0.0,0.0,1.0,1.0,0.0,0.0,49.0,3.0,120.69,40.23,0.0,87.6,-87.6,467.0
1.0,0.0,0.0,0.0,0.0,1.0,0.0,1.0,0.0,169.0,1.0,79.53,79.53,0.0,0.0,0.0,597.0
0.0,0.0,0.0,0.0,0.0,0.0,1.0,0.0,0.0,181.0,0.0,0.0,0.0,0.0,0.0,0.0,586.0
0.0,0.0,0.0,1.0,0.0,1.0,0.0,1.0,0.0,181.0,0.0,0.0,0.0,0.0,0.0,0.0,384.0
0.0,1.0,0.0,0.0,0.0,1.0,0.0,1.0,0.0,181.0,0.0,0.0,0.0,0.0,0.0,0.0,269.0
0.0,1.0,0.0,0.0,0.0,1.0,0.0,0.0,1.0,74.0,2.0,132.76,66.38,0.0,0.0,0.0,401.0
0.0,0.0,0.0,0.0,0.0,1.0,0.0,0.0,0.0,93.0,1.0,29.8,29.8,0.0,0.0,0.0,661.0
0.0,0.0,0.0,1.0,0.0,0.0,0.0,0.0,0.0,40.0,1.0,106.54,106.54,0.0,106.54,-106.54,712.0
1.0,0.0,0.0,0.0,0.0,1.0,0.0,0.0,1.0,92.0,3.0,74.65,24.883333333333336,0.0,0.0,0.0,290.0
0.0,1.0,0.0,0.0,0.0,0.0,1.0,0.0,0.0,181.0,0.0,0.0,0.0,0.0,0.0,0.0,380.0
0.0,0.0,0.0,1.0,0.0,1.0,0.0,0.0,0.0,181.0,0.0,0.0,0.0,0.0,0.0,0.0,112.0
0.0,0.0,0.0,1.0,0.0,1.0,0.0,0.0,1.0,99.0,2.0,48.47,24.235,0.0,0.0,0.0,410.0
1.0,0.0,0.0,0.0,1.0,0.0,0.0,1.0,0.0,50.0,4.0,300.56,75.14,0.0,90.33,-90.33,399.0
0.0,1.0,0.0,0.0,0.0,1.0,0.0,1.0,0.0,134.0,1.0,29.1,29.1,0.0,0.0,0.0,190.0
0.0,0.0,0.0,1.0,0.0,1.0,0.0,1.0,0.0,181.0,0.0,0.0,0.0,0.0,0.0,0.0,501.0
1.0,0.0,0.0,0.0,0.0,1.0,1.0,0.0,0.0,79.0,2.0,74.25999999999999,37.129999999999995,0.0,0.0,0.0,326.0
1.0,0.0,0.0,0.0,1.0,0.0,0.0,1.0,0.0,33.0,4.0,333.19,83.2975,0.0,147.63,-147.63,704.0
0.0,1.0,0.0,0.0,0.0,0.0,1.0,0.0,0.0,22.0,2.0,33.88,16.94,15.03,0.0,15.03,641.0
1.0,0.0,0.0,0.0,0.0,0.0,1.0,0.0,0.0,103.0,2.0,90.22,45.11,0.0,0.0,0.0,347.0
0.0,0.0,0.0,1.0,0.0,0.0,1.0,0.0,0.0,121.0,2.0,693.0,346.5,0.0,0.0,0.0,634.0
0.0,0.0,1.0,0.0,0.0,1.0,0.0,0.0,0.0,181.0,0.0,0.0,0.0,0.0,0.0,0.0,590.0
0.0,0.0,0.0,1.0,1.0,0.0,0.0,1.0,0.0,120.0,3.0,260.73,86.91000000000001,0.0,0.0,0.0,640.0
1.0,0.0,0.0,0.0,0.0,1.0,0.0,1.0,0.0,181.0,0.0,0.0,0.0,0.0,0.0,0.0,1.0
1.0,0.0,0.0,0.0,0.0,1.0,0.0,0.0,0.0,61.0,2.0,67.67,33.835,0.0,0.0,0.0,122.0
0.0,0.0,1.0,0.0,0.0,1.0,0.0,0.0,1.0,181.0,0.0,0.0,0.0,0.0,0.0,0.0,727.0
0.0,0.0,0.0,0.0,0.0,0.0,1.0,0.0,0.0,74.0,4.0,160.29000000000002,40.072500000000005,0.0,0.0,0.0,519.0
1.0,0.0,0.0,0.0,0.0,0.0,0.0,0.0,1.0,179.0,1.0,54.13,54.13,0.0,0.0,0.0,525.0
0.0,1.0,0.0,0.0,0.0,1.0,0.0,0.0,1.0,43.0,2.0,171.25,85.625,0.0,64.27,-64.27,332.0
1.0,0.0,0.0,0.0,0.0,0.0,0.0,1.0,0.0,13.0,1.0,26.73,26.73,26.73,0.0,26.73,483.0
0.0,0.0,0.0,0.0,1.0,0.0,0.0,1.0,0.0,34.0,2.0,146.8,73.4,0.0,91.43,-91.43,727.0
0.0,0.0,1.0,0.0,0.0,1.0,1.0,0.0,0.0,75.0,4.0,131.77,32.9425,0.0,0.0,0.0,280.0
1.0,0.0,0.0,0.0,0.0,0.0,1.0,0.0,0.0,37.0,5.0,151.77,30.354000000000003,0.0,55.95,-55.95,307.0
1.0,0.0,0.0,0.0,0.0,0.0,0.0,1.0,0.0,181.0,0.0,0.0,0.0,0.0,0.0,0.0,606.0
0.0,0.0,1.0,0.0,1.0,0.0,0.0,1.0,0.0,54.0,2.0,214.59,107.295,0.0,112.03,-112.03,281.0
0.0,1.0,0.0,0.0,0.0,0.0,0.0,0.0,1.0,101.0,1.0,5.98,5.98,0.0,0.0,0.0,241.0
0.0,0.0,0.0,1.0,0.0,0.0,1.0,0.0,0.0,181.0,0.0,0.0,0.0,0.0,0.0,0.0,549.0
0.0,1.0,0.0,0.0,1.0,0.0,0.0,1.0,0.0,181.0,0.0,0.0,0.0,0.0,0.0,0.0,69.0
0.0,1.0,0.0,0.0,0.0,0.0,1.0,0.0,0.0,46.0,2.0,70.33,35.165,0.0,38.6,-38.6,460.0
0.0,0.0,0.0,0.0,0.0,0.0,0.0,1.0,0.0,181.0,0.0,0.0,0.0,0.0,0.0,0.0,699.0
1.0,0.0,0.0,0.0,0.0,0.0,0.0,0.0,1.0,31.0,4.0,98.58,24.645,0.0,44.980000000000004,-44.980000000000004,206.0
0.0,1.0,0.0,0.0,0.0,1.0,0.0,0.0,1.0,105.0,1.0,24.2,24.2,0.0,0.0,0.0,193.0
0.0,0.0,1.0,0.0,0.0,0.0,0.0,1.0,0.0,181.0,0.0,0.0,0.0,0.0,0.0,0.0,290.0
1.0,0.0,0.0,0.0,0.0,0.0,0.0,1.0,0.0,28.0,1.0,69.33,69.33,69.33,0.0,69.33,353.0
0.0,0.0,0.0,0.0,0.0,0.0,1.0,0.0,0.0,181.0,0.0,0.0,0.0,0.0,0.0,0.0,715.0
0.0,0.0,0.0,1.0,1.0,0.0,0.0,0.0,1.0,181.0,0.0,0.0,0.0,0.0,0.0,0.0,603.0
0.0,0.0,0.0,0.0,0.0,0.0,1.0,0.0,0.0,173.0,1.0,52.08,52.08,0.0,0.0,0.0,191.0
0.0,0.0,0.0,1.0,0.0,0.0,1.0,0.0,0.0,20.0,1.0,16.16,16.16,16.16,0.0,16.16,389.0
0.0,0.0,1.0,0.0,0.0,1.0,0.0,1.0,0.0,5.0,3.0,78.6,26.2,39.04,9.74,29.299999999999997,545.0
0.0,0.0,0.0,1.0,0.0,0.0,1.0,0.0,0.0,137.0,1.0,32.07,32.07,0.0,0.0,0.0,460.0
0.0,0.0,0.0,1.0,0.0,1.0,0.0,1.0,0.0,2.0,2.0,133.04,66.52,77.07,0.0,77.07,643.0
1.0,0.0,0.0,0.0,0.0,1.0,0.0,1.0,0.0,79.0,1.0,21.23,21.23,0.0,0.0,0.0,118.0
0.0,0.0,0.0,1.0,0.0,0.0,1.0,0.0,0.0,179.0,1.0,8.29,8.29,0.0,0.0,0.0,625.0
0.0,0.0,0.0,1.0,0.0,1.0,0.0,1.0,0.0,74.0,1.0,12.28,12.28,0.0,0.0,0.0,261.0
0.0,1.0,0.0,0.0,0.0,1.0,0.0,1.0,0.0,28.0,1.0,437.07,437.07,437.07,0.0,437.07,370.0
0.0,1.0,0.0,0.0,0.0,0.0,0.0,0.0,0.0,181.0,0.0,0.0,0.0,0.0,0.0,0.0,564.0
0.0,0.0,0.0,1.0,0.0,1.0,0.0,0.0,0.0,81.0,1.0,22.28,22.28,0.0,0.0,0.0,198.0
0.0,0.0,1.0,0.0,1.0,0.0,0.0,0.0,1.0,181.0,0.0,0.0,0.0,0.0,0.0,0.0,30.0
1.0,0.0,0.0,0.0,0.0,1.0,0.0,1.0,0.0,18.0,3.0,98.57000000000001,32.85666666666667,53.35,0.0,53.35,291.0
0.0,1.0,0.0,0.0,0.0,0.0,1.0,0.0,0.0,76.0,2.0,78.63,39.315,0.0,0.0,0.0,415.0
0.0,0.0,1.0,0.0,0.0,1.0,0.0,0.0,1.0,58.0,1.0,34.93,34.93,0.0,34.93,-34.93,364.0
0.0,1.0,0.0,0.0,0.0,0.0,1.0,0.0,0.0,181.0,0.0,0.0,0.0,0.0,0.0,0.0,252.0
0.0,1.0,0.0,0.0,0.0,0.0,0.0,1.0,0.0,181.0,0.0,0.0,0.0,0.0,0.0,0.0,668.0
0.0,1.0,0.0,0.0,0.0,1.0,0.0,0.0,0.0,28.0,4.0,152.36,38.09,31.58,60.63,-29.050000000000004,239.0
0.0,0.0,0.0,1.0,0.0,0.0,1.0,0.0,0.0,12.0,3.0,49.49,16.496666666666666,12.7,36.79,-24.09,363.0
1.0,0.0,0.0,0.0,0.0,1.0,0.0,1.0,0.0,181.0,0.0,0.0,0.0,0.0,0.0,0.0,54.0
0.0,0.0,0.0,0.0,0.0,1.0,0.0,1.0,0.0,36.0,1.0,77.69,77.69,0.0,77.69,-77.69,50.0
0.0,1.0,0.0,0.0,0.0,1.0,0.0,0.0,1.0,19.0,3.0,95.24,31.746666666666666,65.13,0.0,65.13,531.0
1.0,0.0,0.0,0.0,0.0,0.0,0.0,0.0,0.0,75.0,1.0,10.02,10.02,0.0,0.0,0.0,117.0
1.0,0.0,0.0,0.0,0.0,1.0,0.0,0.0,0.0,181.0,0.0,0.0,0.0,0.0,0.0,0.0,129.0
0.0,1.0,0.0,0.0,0.0,0.0,1.0,0.0,0.0,181.0,0.0,0.0,0.0,0.0,0.0,0.0,109.0
0.0,0.0,1.0,0.0,0.0,0.0,1.0,0.0,0.0,181.0,0.0,0.0,0.0,0.0,0.0,0.0,79.0
0.0,0.0,0.0,0.0,0.0,0.0,0.0,1.0,0.0,181.0,0.0,0.0,0.0,0.0,0.0,0.0,631.0
0.0,0.0,1.0,0.0,0.0,0.0,1.0,0.0,0.0,10.0,2.0,54.53,27.265,38.26,0.0,38.26,89.0
0.0,1.0,0.0,0.0,0.0,1.0,0.0,1.0,0.0,70.0,2.0,73.16,36.58,0.0,0.0,0.0,361.0
1.0,0.0,0.0,0.0,0.0,1.0,1.0,0.0,0.0,74.0,1.0,32.7,32.7,0.0,0.0,0.0,712.0
0.0,1.0,0.0,0.0,0.0,0.0,0.0,0.0,1.0,3.0,2.0,61.53999999999999,30.769999999999996,39.8,0.0,39.8,191.0
0.0,0.0,1.0,0.0,0.0,1.0,0.0,0.0,1.0,5.0,4.0,130.0,32.5,35.02,40.47,-5.449999999999996,618.0
0.0,1.0,0.0,0.0,0.0,0.0,0.0,0.0,1.0,23.0,6.0,168.33999999999997,28.05666666666666,33.14,20.9,12.240000000000002,643.0
0.0,1.0,0.0,0.0,0.0,0.0,0.0,0.0,1.0,113.0,1.0,20.75,20.75,0.0,0.0,0.0,525.0
0.0,0.0,0.0,1.0,1.0,0.0,1.0,0.0,0.0,49.0,3.0,179.64,59.879999999999995,0.0,79.85,-79.85,235.0
0.0,1.0,0.0,0.0,1.0,0.0,0.0,0.0,1.0,181.0,0.0,0.0,0.0,0.0,0.0,0.0,535.0
0.0,0.0,1.0,0.0,0.0,0.0,1.0,0.0,0.0,22.0,2.0,91.65,45.825,26.62,65.03,-38.41,260.0
0.0,1.0,0.0,0.0,0.0,0.0,0.0,1.0,0.0,181.0,0.0,0.0,0.0,0.0,0.0,0.0,26.0
1.0,0.0,0.0,0.0,0.0,0.0,0.0,0.0,0.0,63.0,2.0,83.43,41.715,0.0,0.0,0.0,435.0
0.0,0.0,0.0,0.0,0.0,1.0,0.0,1.0,0.0,181.0,0.0,0.0,0.0,0.0,0.0,0.0,78.0
0.0,0.0,1.0,0.0,0.0,0.0,1.0,0.0,0.0,12.0,1.0,277.82,277.82,277.82,0.0,277.82,44.0
0.0,0.0,0.0,1.0,0.0,1.0,1.0,0.0,0.0,181.0,0.0,0.0,0.0,0.0,0.0,0.0,160.0
0.0,0.0,0.0,0.0,1.0,0.0,0.0,1.0,0.0,45.0,4.0,407.59000000000003,101.89750000000001,0.0,69.4,-69.4,500.0
0.0,0.0,1.0,0.0,1.0,0.0,0.0,1.0,0.0,69.0,2.0,96.37,48.185,0.0,0.0,0.0,698.0
0.0,1.0,0.0,0.0,0.0,1.0,1.0,0.0,0.0,44.0,5.0,165.26,33.052,0.0,58.57000000000001,-58.57000000000001,590.0
0.0,0.0,0.0,0.0,0.0,1.0,0.0,1.0,0.0,39.0,3.0,144.06,48.02,0.0,123.14,-123.14,402.0
0.0,0.0,0.0,0.0,0.0,1.0,1.0,0.0,0.0,7.0,5.0,305.56,61.112,161.48000000000002,108.66,52.82000000000002,409.0
0.0,1.0,0.0,0.0,1.0,0.0,0.0,1.0,0.0,181.0,0.0,0.0,0.0,0.0,0.0,0.0,157.0
1.0,0.0,0.0,0.0,0.0,1.0,0.0,0.0,1.0,134.0,2.0,92.44999999999999,46.224999999999994,0.0,0.0,0.0,262.0
0.0,0.0,0.0,1.0,1.0,0.0,0.0,0.0,0.0,44.0,5.0,313.05,62.61,0.0,86.02,-86.02,302.0
0.0,1.0,0.0,0.0,1.0,0.0,0.0,0.0,1.0,143.0,1.0,78.77,78.77,0.0,0.0,0.0,392.0
0.0,0.0,0.0,1.0,0.0,0.0,1.0,0.0,0.0,100.0,2.0,59.72,29.86,0.0,0.0,0.0,632.0
0.0,0.0,1.0,0.0,1.0,0.0,1.0,0.0,0.0,49.0,3.0,151.54,50.51333333333333,0.0,134.38,-134.38,341.0
0.0,0.0,0.0,1.0,0.0,1.0,0.0,0.0,1.0,181.0,0.0,0.0,0.0,0.0,0.0,0.0,146.0
1.0,0.0,0.0,0.0,0.0,1.0,0.0,0.0,0.0,181.0,0.0,0.0,0.0,0.0,0.0,0.0,91.0
0.0,1.0,0.0,0.0,0.0,0.0,1.0,0.0,0.0,181.0,0.0,0.0,0.0,0.0,0.0,0.0,7.0
0.0,0.0,0.0,0.0,0.0,1.0,1.0,0.0,0.0,36.0,3.0,162.23000000000002,54.076666666666675,0.0,67.26,-67.26,618.0
1.0,0.0,0.0,0.0,0.0,0.0,1.0,0.0,0.0,181.0,0.0,0.0,0.0,0.0,0.0,0.0,125.0
0.0,0.0,0.0,1.0,0.0,0.0,0.0,1.0,0.0,82.0,1.0,20.64,20.64,0.0,0.0,0.0,699.0
0.0,0.0,0.0,1.0,1.0,0.0,1.0,0.0,0.0,3.0,6.0,419.67,69.94500000000001,121.71000000000001,46.88,74.83000000000001,426.0
0.0,0.0,1.0,0.0,0.0,0.0,1.0,0.0,0.0,36.0,2.0,53.18,26.59,0.0,22.1,-22.1,501.0
0.0,0.0,1.0,0.0,0.0,0.0,0.0,0.0,1.0,41.0,1.0,50.18,50.18,0.0,50.18,-50.18,562.0
0.0,0.0,0.0,1.0,0.0,1.0,0.0,0.0,0.0,30.0,4.0,229.39000000000001,57.347500000000004,0.0,51.31,-51.31,624.0
1.0,0.0,0.0,0.0,0.0,0.0,0.0,0.0,1.0,181.0,0.0,0.0,0.0,0.0,0.0,0.0,197.0
0.0,0.0,1.0,0.0,0.0,1.0,1.0,0.0,0.0,181.0,0.0,0.0,0.0,0.0,0.0,0.0,59.0
1.0,0.0,0.0,0.0,0.0,0.0,0.0,0.0,0.0,44.0,2.0,36.42,18.21,0.0,9.96,-9.96,111.0
0.0,0.0,0.0,1.0,0.0,1.0,0.0,0.0,1.0,0.0,1.0,10.96,10.96,10.96,0.0,10.96,61.0
1.0,0.0,0.0,0.0,0.0,1.0,0.0,0.0,1.0,64.0,1.0,68.81,68.81,0.0,0.0,0.0,140.0
1.0,0.0,0.0,0.0,0.0,0.0,0.0,0.0,0.0,1.0,1.0,33.14,33.14,33.14,0.0,33.14,58.0
0.0,0.0,0.0,1.0,0.0,1.0,1.0,0.0,0.0,57.0,4.0,331.77,82.9425,0.0,155.51,-155.51,727.0
0.0,0.0,1.0,0.0,0.0,1.0,0.0,1.0,0.0,181.0,0.0,0.0,0.0,0.0,0.0,0.0,56.0
1.0,0.0,0.0,0.0,0.0,0.0,0.0,0.0,0.0,181.0,0.0,0.0,0.0,0.0,0.0,0.0,113.0
1.0,0.0,0.0,0.0,0.0,1.0,0.0,0.0,0.0,9.0,1.0,33.55,33.55,33.55,0.0,33.55,115.0
0.0,0.0,1.0,0.0,0.0,1.0,0.0,1.0,0.0,125.0,1.0,80.93,80.93,0.0,0.0,0.0,689.0
0.0,0.0,0.0,1.0,0.0,0.0,1.0,0.0,0.0,39.0,4.0,156.97,39.2425,0.0,66.74000000000001,-66.74000000000001,686.0
1.0,0.0,0.0,0.0,0.0,0.0,1.0,0.0,0.0,33.0,1.0,59.66,59.66,0.0,59.66,-59.66,698.0
0.0,0.0,0.0,0.0,0.0,1.0,0.0,1.0,0.0,58.0,6.0,645.7800000000001,107.63000000000001,0.0,14.08,-14.08,542.0
0.0,0.0,1.0,0.0,0.0,0.0,0.0,0.0,1.0,86.0,2.0,83.68,41.84,0.0,0.0,0.0,529.0
0.0,1.0,0.0,0.0,0.0,0.0,0.0,0.0,0.0,181.0,0.0,0.0,0.0,0.0,0.0,0.0,52.0
0.0,0.0,1.0,0.0,0.0,1.0,0.0,0.0,1.0,16.0,5.0,188.94,37.788,25.84,0.0,25.84,588.0
0.0,0.0,0.0,0.0,0.0,0.0,0.0,0.0,1.0,95.0,1.0,54.86,54.86,0.0,0.0,0.0,183.0
0.0,1.0,0.0,0.0,0.0,1.0,0.0,0.0,1.0,94.0,3.0,78.5,26.166666666666668,0.0,0.0,0.0,170.0
0.0,1.0,0.0,0.0,0.0,0.0,1.0,0.0,0.0,170.0,1.0,44.74,44.74,0.0,0.0,0.0,348.0
0.0,0.0,0.0,0.0,0.0,0.0,1.0,0.0,0.0,181.0,0.0,0.0,0.0,0.0,0.0,0.0,56.0
0.0,0.0,0.0,0.0,0.0,0.0,0.0,0.0,0.0,53.0,3.0,129.24,43.080000000000005,0.0,102.98,-102.98,717.0
0.0,0.0,0.0,1.0,1.0,0.0,1.0,0.0,0.0,143.0,1.0,45.64,45.64,0.0,0.0,0.0,490.0
0.0,0.0,0.0,0.0,1.0,0.0,0.0,1.0,0.0,181.0,0.0,0.0,0.0,0.0,0.0,0.0,367.0
0.0,1.0,0.0,0.0,1.0,0.0,0.0,0.0,1.0,130.0,1.0,53.63,53.63,0.0,0.0,0.0,403.0
0.0,0.0,0.0,0.0,0.0,0.0,0.0,0.0,0.0,72.0,1.0,32.78,32.78,0.0,0.0,0.0,127.0
0.0,1.0,0.0,0.0,0.0,0.0,1.0,0.0,0.0,181.0,0.0,0.0,0.0,0.0,0.0,0.0,528.0
0.0,0.0,1.0,0.0,0.0,1.0,0.0,0.0,0.0,77.0,1.0,35.97,35.97,0.0,0.0,0.0,485.0
0.0,0.0,0.0,0.0,0.0,1.0,1.0,0.0,0.0,80.0,1.0,81.2,81.2,0.0,0.0,0.0,272.0
1.0,0.0,0.0,0.0,0.0,1.0,0.0,1.0,0.0,108.0,1.0,24.05,24.05,0.0,0.0,0.0,383.0
1.0,0.0,0.0,0.0,0.0,1.0,1.0,0.0,0.0,14.0,3.0,212.70999999999998,70.90333333333332,36.94,0.0,36.94,463.0
0.0,1.0,0.0,0.0,0.0,0.0,1.0,0.0,0.0,181.0,0.0,0.0,0.0,0.0,0.0,0.0,14.0
0.0,0.0,0.0,1.0,0.0,0.0,0.0,0.0,1.0,181.0,0.0,0.0,0.0,0.0,0.0,0.0,560.0
1.0,0.0,0.0,0.0,0.0,0.0,0.0,0.0,0.0,175.0,1.0,31.26,31.26,0.0,0.0,0.0,350.0
0.0,0.0,0.0,1.0,0.0,0.0,0.0,0.0,1.0,70.0,4.0,125.03999999999999,31.259999999999998,0.0,0.0,0.0,606.0
0.0,0.0,1.0,0.0,0.0,1.0,0.0,1.0,0.0,19.0,3.0,169.07999999999998,56.35999999999999,37.98,0.0,37.98,651.0
0.0,1.0,0.0,0.0,0.0,1.0,0.0,0.0,0.0,181.0,0.0,0.0,0.0,0.0,0.0,0.0,110.0
1.0,0.0,0.0,0.0,0.0,1.0,0.0,1.0,0.0,181.0,0.0,0.0,0.0,0.0,0.0,0.0,34.0
0.0,0.0,0.0,0.0,0.0,1.0,0.0,1.0,0.0,42.0,1.0,42.23,42.23,0.0,42.23,-42.23,59.0
0.0,1.0,0.0,0.0,1.0,0.0,0.0,1.0,0.0,2.0,5.0,369.03999999999996,73.80799999999999,102.57,45.57,56.99999999999999,443.0
0.0,0.0,0.0,0.0,0.0,0.0,1.0,0.0,0.0,1.0,2.0,27.42,13.71,27.42,0.0,27.42,116.0
0.0,0.0,0.0,1.0,0.0,0.0,1.0,0.0,0.0,43.0,1.0,43.81,43.81,0.0,43.81,-43.81,221.0
0.0,0.0,1.0,0.0,0.0,1.0,1.0,0.0,0.0,76.0,3.0,136.20999999999998,45.40333333333333,0.0,0.0,0.0,708.0
0.0,0.0,1.0,0.0,0.0,1.0,0.0,1.0,0.0,181.0,0.0,0.0,0.0,0.0,0.0,0.0,304.0
0.0,0.0,0.0,0.0,1.0,0.0,1.0,0.0,0.0,6.0,4.0,257.62,64.405,218.7,0.0,218.7,725.0
1.0,0.0,0.0,0.0,0.0,0.0,0.0,0.0,1.0,38.0,3.0,115.50999999999999,38.50333333333333,0.0,32.76,-32.76,121.0
1.0,0.0,0.0,0.0,0.0,1.0,1.0,0.0,0.0,23.0,1.0,36.34,36.34,36.34,0.0,36.34,43.0
1.0,0.0,0.0,0.0,0.0,1.0,0.0,0.0,1.0,181.0,0.0,0.0,0.0,0.0,0.0,0.0,628.0
1.0,0.0,0.0,0.0,0.0,1.0,0.0,1.0,0.0,6.0,3.0,203.3,67.76666666666667,36.17,41.17,-5.0,701.0
0.0,0.0,1.0,0.0,0.0,1.0,1.0,0.0,0.0,19.0,1.0,56.61,56.61,56.61,0.0,56.61,326.0
0.0,1.0,0.0,0.0,0.0,1.0,0.0,1.0,0.0,181.0,0.0,0.0,0.0,0.0,0.0,0.0,406.0
0.0,0.0,0.0,1.0,0.0,0.0,0.0,1.0,0.0,181.0,0.0,0.0,0.0,0.0,0.0,0.0,690.0
1.0,0.0,0.0,0.0,0.0,0.0,0.0,0.0,1.0,115.0,1.0,26.91,26.91,0.0,0.0,0.0,135.0
1.0,0.0,0.0,0.0,0.0,0.0,0.0,0.0,0.0,181.0,0.0,0.0,0.0,0.0,0.0,0.0,155.0
1.0,0.0,0.0,0.0,1.0,0.0,1.0,0.0,0.0,181.0,0.0,0.0,0.0,0.0,0.0,0.0,325.0
0.0,0.0,0.0,1.0,0.0,1.0,0.0,0.0,1.0,25.0,1.0,41.64,41.64,41.64,0.0,41.64,32.0
0.0,0.0,0.0,1.0,0.0,0.0,0.0,0.0,1.0,181.0,0.0,0.0,0.0,0.0,0.0,0.0,6.0
0.0,0.0,0.0,1.0,0.0,1.0,0.0,1.0,0.0,86.0,2.0,76.82,38.41,0.0,0.0,0.0,394.0
0.0,0.0,1.0,0.0,0.0,0.0,0.0,1.0,0.0,181.0,0.0,0.0,0.0,0.0,0.0,0.0,45.0
0.0,0.0,1.0,0.0,0.0,0.0,1.0,0.0,0.0,24.0,4.0,102.8,25.7,48.17,0.0,48.17,527.0
0.0,0.0,0.0,0.0,0.0,0.0,0.0,1.0,0.0,181.0,0.0,0.0,0.0,0.0,0.0,0.0,232.0
0.0,0.0,0.0,1.0,0.0,1.0,1.0,0.0,0.0,28.0,1.0,98.19,98.19,98.19,0.0,98.19,295.0
0.0,0.0,1.0,0.0,0.0,1.0,1.0,0.0,0.0,22.0,1.0,76.09,76.09,76.09,0.0,76.09,71.0
0.0,0.0,0.0,1.0,0.0,0.0,0.0,0.0,0.0,181.0,0.0,0.0,0.0,0.0,0.0,0.0,455.0
1.0,0.0,0.0,0.0,0.0,1.0,1.0,0.0,0.0,74.0,5.0,225.82999999999998,45.166,0.0,0.0,0.0,410.0
0.0,0.0,0.0,0.0,0.0,0.0,1.0,0.0,0.0,103.0,3.0,67.89,22.63,0.0,0.0,0.0,636.0
0.0,0.0,1.0,0.0,0.0,1.0,0.0,0.0,0.0,19.0,1.0,28.42,28.42,28.42,0.0,28.42,449.0
1.0,0.0,0.0,0.0,0.0,1.0,1.0,0.0,0.0,76.0,5.0,178.85999999999999,35.772,0.0,0.0,0.0,510.0
0.0,0.0,0.0,0.0,0.0,0.0,1.0,0.0,0.0,79.0,2.0,43.32,21.66,0.0,0.0,0.0,450.0
0.0,0.0,0.0,0.0,0.0,0.0,0.0,1.0,0.0,181.0,0.0,0.0,0.0,0.0,0.0,0.0,405.0
0.0,0.0,0.0,1.0,1.0,0.0,0.0,1.0,0.0,88.0,2.0,182.34,91.17,0.0,0.0,0.0,492.0
1.0,0.0,0.0,0.0,0.0,0.0,1.0,0.0,0.0,181.0,0.0,0.0,0.0,0.0,0.0,0.0,127.0
0.0,0.0,0.0,0.0,0.0,0.0,0.0,1.0,0.0,48.0,1.0,47.77,47.77,0.0,47.77,-47.77,533.0
0.0,0.0,0.0,0.0,0.0,1.0,0.0,1.0,0.0,22.0,1.0,39.97,39.97,39.97,0.0,39.97,548.0
0.0,0.0,1.0,0.0,0.0,0.0,1.0,0.0,0.0,69.0,1.0,20.7,20.7,0.0,0.0,0.0,324.0
0.0,1.0,0.0,0.0,0.0,1.0,0.0,0.0,1.0,181.0,0.0,0.0,0.0,0.0,0.0,0.0,700.0
1.0,0.0,0.0,0.0,0.0,1.0,1.0,0.0,0.0,181.0,0.0,0.0,0.0,0.0,0.0,0.0,723.0
1.0,0.0,0.0,0.0,0.0,0.0,1.0,0.0,0.0,140.0,1.0,51.38,51.38,0.0,0.0,0.0,248.0
0.0,0.0,0.0,1.0,0.0,1.0,1.0,0.0,0.0,181.0,0.0,0.0,0.0,0.0,0.0,0.0,20.0
1.0,0.0,0.0,0.0,1.0,0.0,0.0,0.0,0.0,2.0,2.0,116.1,58.05,68.61,0.0,68.61,115.0
0.0,1.0,0.0,0.0,0.0,0.0,0.0,1.0,0.0,9.0,2.0,93.96000000000001,46.980000000000004,26.96,0.0,26.96,644.0
0.0,1.0,0.0,0.0,0.0,1.0,0.0,1.0,0.0,181.0,0.0,0.0,0.0,0.0,0.0,0.0,57.0
0.0,0.0,0.0,0.0,0.0,0.0,0.0,0.0,1.0,181.0,0.0,0.0,0.0,0.0,0.0,0.0,397.0
0.0,0.0,1.0,0.0,0.0,0.0,0.0,1.0,0.0,181.0,0.0,0.0,0.0,0.0,0.0,0.0,79.0
0.0,0.0,0.0,0.0,0.0,1.0,1.0,0.0,0.0,22.0,2.0,46.06,23.03,19.38,0.0,19.38,205.0
0.0,0.0,0.0,1.0,0.0,0.0,0.0,0.0,1.0,181.0,0.0,0.0,0.0,0.0,0.0,0.0,2.0
0.0,1.0,0.0,0.0,0.0,0.0,0.0,0.0,1.0,47.0,1.0,38.15,38.15,0.0,38.15,-38.15,547.0
0.0,0.0,0.0,0.0,0.0,0.0,0.0,0.0,0.0,162.0,1.0,29.19,29.19,0.0,0.0,0.0,199.0
0.0,0.0,0.0,1.0,0.0,1.0,1.0,0.0,0.0,82.0,2.0,86.52,43.26,0.0,0.0,0.0,628.0
0.0,0.0,0.0,1.0,0.0,1.0,1.0,0.0,0.0,40.0,3.0,190.19,63.39666666666667,0.0,134.48,-134.48,268.0
0.0,0.0,1.0,0.0,0.0,0.0,1.0,0.0,0.0,0.0,1.0,107.72,107.72,107.72,0.0,107.72,627.0
0.0,1.0,0.0,0.0,0.0,1.0,0.0,0.0,0.0,181.0,0.0,0.0,0.0,0.0,0.0,0.0,9.0
1.0,0.0,0.0,0.0,0.0,1.0,0.0,1.0,0.0,33.0,4.0,81.9,20.475,0.0,56.86,-56.86,334.0
0.0,0.0,0.0,0.0,0.0,0.0,0.0,0.0,1.0,129.0,1.0,18.09,18.09,0.0,0.0,0.0,187.0
0.0,1.0,0.0,0.0,0.0,0.0,0.0,1.0,0.0,100.0,3.0,54.7,18.233333333333334,0.0,0.0,0.0,700.0
1.0,0.0,0.0,0.0,0.0,0.0,1.0,0.0,0.0,18.0,4.0,213.37,53.3425,30.99,35.45,-4.460000000000004,197.0
0.0,1.0,0.0,0.0,0.0,1.0,1.0,0.0,0.0,48.0,2.0,139.1,69.55,0.0,96.91,-96.91,496.0
0.0,0.0,0.0,0.0,0.0,1.0,0.0,0.0,0.0,27.0,2.0,64.27000000000001,32.135000000000005,50.95,13.32,37.63,592.0
0.0,1.0,0.0,0.0,0.0,0.0,0.0,1.0,0.0,181.0,0.0,0.0,0.0,0.0,0.0,0.0,74.0
0.0,0.0,1.0,0.0,0.0,0.0,0.0,1.0,0.0,181.0,0.0,0.0,0.0,0.0,0.0,0.0,691.0
0.0,0.0,1.0,0.0,0.0,0.0,1.0,0.0,0.0,181.0,0.0,0.0,0.0,0.0,0.0,0.0,325.0
0.0,0.0,0.0,0.0,0.0,0.0,1.0,0.0,0.0,12.0,1.0,41.15,41.15,41.15,0.0,41.15,52.0
1.0,0.0,0.0,0.0,0.0,0.0,0.0,0.0,1.0,181.0,0.0,0.0,0.0,0.0,0.0,0.0,77.0
0.0,1.0,0.0,0.0,0.0,0.0,1.0,0.0,0.0,16.0,4.0,87.69,21.9225,8.73,0.0,8.73,350.0
0.0,0.0,1.0,0.0,0.0,0.0,1.0,0.0,0.0,27.0,3.0,96.02000000000001,32.00666666666667,31.19,64.83,-33.64,246.0
0.0,0.0,0.0,0.0,0.0,0.0,1.0,0.0,0.0,111.0,2.0,67.13,33.565,0.0,0.0,0.0,301.0
1.0,0.0,0.0,0.0,0.0,0.0,0.0,0.0,0.0,104.0,2.0,93.71,46.855,0.0,0.0,0.0,396.0
0.0,0.0,1.0,0.0,0.0,0.0,1.0,0.0,0.0,48.0,1.0,18.89,18.89,0.0,18.89,-18.89,524.0
0.0,0.0,1.0,0.0,1.0,0.0,1.0,0.0,0.0,181.0,0.0,0.0,0.0,0.0,0.0,0.0,255.0
0.0,1.0,0.0,0.0,0.0,1.0,0.0,0.0,1.0,181.0,0.0,0.0,0.0,0.0,0.0,0.0,54.0
0.0,0.0,0.0,0.0,0.0,0.0,1.0,0.0,0.0,181.0,0.0,0.0,0.0,0.0,0.0,0.0,351.0
0.0,1.0,0.0,0.0,0.0,1.0,1.0,0.0,0.0,181.0,0.0,0.0,0.0,0.0,0.0,0.0,88.0
0.0,0.0,0.0,0.0,0.0,0.0,0.0,1.0,0.0,181.0,0.0,0.0,0.0,0.0,0.0,0.0,565.0
0.0,0.0,0.0,1.0,0.0,0.0,0.0,0.0,1.0,181.0,0.0,0.0,0.0,0.0,0.0,0.0,270.0
1.0,0.0,0.0,0.0,0.0,1.0,1.0,0.0,0.0,32.0,1.0,73.79,73.79,0.0,73.79,-73.79,336.0
1.0,0.0,0.0,0.0,0.0,1.0,0.0,0.0,1.0,38.0,6.0,299.49,49.915,0.0,37.9,-37.9,613.0
1.0,0.0,0.0,0.0,0.0,1.0,0.0,0.0,0.0,181.0,0.0,0.0,0.0,0.0,0.0,0.0,267.0
1.0,0.0,0.0,0.0,0.0,0.0,0.0,0.0,0.0,181.0,0.0,0.0,0.0,0.0,0.0,0.0,463.0
0.0,0.0,1.0,0.0,0.0,1.0,0.0,1.0,0.0,181.0,0.0,0.0,0.0,0.0,0.0,0.0,229.0
0.0,1.0,0.0,0.0,0.0,0.0,0.0,0.0,1.0,38.0,1.0,47.8,47.8,0.0,47.8,-47.8,506.0
0.0,1.0,0.0,0.0,0.0,0.0,0.0,1.0,0.0,170.0,1.0,8.33,8.33,0.0,0.0,0.0,611.0
1.0,0.0,0.0,0.0,0.0,1.0,1.0,0.0,0.0,138.0,2.0,76.46,38.23,0.0,0.0,0.0,196.0
0.0,0.0,1.0,0.0,0.0,0.0,1.0,0.0,0.0,103.0,1.0,8.2,8.2,0.0,0.0,0.0,316.0
0.0,0.0,0.0,0.0,0.0,1.0,1.0,0.0,0.0,10.0,1.0,23.24,23.24,23.24,0.0,23.24,11.0
0.0,0.0,0.0,0.0,0.0,0.0,0.0,1.0,0.0,6.0,1.0,80.01,80.01,80.01,0.0,80.01,119.0
0.0,0.0,0.0,1.0,0.0,1.0,0.0,0.0,1.0,108.0,2.0,76.09,38.045,0.0,0.0,0.0,228.0
0.0,0.0,0.0,0.0,0.0,1.0,1.0,0.0,0.0,58.0,1.0,45.31,45.31,0.0,45.31,-45.31,341.0
1.0,0.0,0.0,0.0,0.0,0.0,0.0,1.0,0.0,181.0,0.0,0.0,0.0,0.0,0.0,0.0,480.0
0.0,0.0,1.0,0.0,0.0,1.0,0.0,0.0,1.0,166.0,1.0,40.5,40.5,0.0,0.0,0.0,726.0
1.0,0.0,0.0,0.0,0.0,1.0,0.0,0.0,1.0,90.0,1.0,30.72,30.72,0.0,0.0,0.0,119.0
0.0,0.0,0.0,1.0,0.0,1.0,0.0,0.0,1.0,181.0,0.0,0.0,0.0,0.0,0.0,0.0,103.0
0.0,0.0,0.0,1.0,0.0,1.0,0.0,0.0,0.0,22.0,3.0,108.39,36.13,16.63,0.0,16.63,244.0
0.0,0.0,1.0,0.0,0.0,1.0,0.0,0.0,0.0,39.0,3.0,231.48000000000002,77.16000000000001,0.0,115.55,-115.55,193.0
0.0,0.0,0.0,1.0,0.0,0.0,0.0,0.0,0.0,181.0,0.0,0.0,0.0,0.0,0.0,0.0,366.0
0.0,0.0,1.0,0.0,0.0,1.0,0.0,1.0,0.0,38.0,5.0,231.44,46.288,0.0,32.28,-32.28,267.0
1.0,0.0,0.0,0.0,0.0,0.0,0.0,0.0,0.0,15.0,1.0,22.75,22.75,22.75,0.0,22.75,458.0
0.0,1.0,0.0,0.0,0.0,1.0,0.0,0.0,0.0,181.0,0.0,0.0,0.0,0.0,0.0,0.0,166.0
0.0,0.0,1.0,0.0,0.0,1.0,0.0,1.0,0.0,61.0,3.0,193.39,64.46333333333332,0.0,0.0,0.0,148.0
0.0,0.0,0.0,0.0,1.0,0.0,1.0,0.0,0.0,95.0,2.0,125.66,62.83,0.0,0.0,0.0,397.0
1.0,0.0,0.0,0.0,0.0,0.0,1.0,0.0,0.0,181.0,0.0,0.0,0.0,0.0,0.0,0.0,339.0
1.0,0.0,0.0,0.0,1.0,0.0,1.0,0.0,0.0,44.0,2.0,776.9000000000001,388.45000000000005,0.0,110.58,-110.58,462.0
0.0,0.0,0.0,1.0,0.0,0.0,1.0,0.0,0.0,181.0,0.0,0.0,0.0,0.0,0.0,0.0,375.0
0.0,0.0,1.0,0.0,1.0,0.0,0.0,0.0,1.0,181.0,0.0,0.0,0.0,0.0,0.0,0.0,3.0
0.0,0.0,1.0,0.0,0.0,1.0,0.0,1.0,0.0,31.0,4.0,209.46,52.365,0.0,112.24,-112.24,505.0
0.0,0.0,0.0,1.0,0.0,0.0,0.0,0.0,1.0,25.0,5.0,156.67,31.333999999999996,41.36,23.61,17.75,583.0
0.0,0.0,0.0,0.0,1.0,0.0,0.0,1.0,0.0,90.0,1.0,103.0,103.0,0.0,0.0,0.0,107.0
0.0,0.0,0.0,1.0,0.0,0.0,1.0,0.0,0.0,144.0,1.0,21.81,21.81,0.0,0.0,0.0,202.0
0.0,1.0,0.0,0.0,0.0,0.0,1.0,0.0,0.0,12.0,2.0,55.58,27.79,44.16,11.42,32.739999999999995,457.0
0.0,0.0,0.0,1.0,0.0,1.0,1.0,0.0,0.0,70.0,2.0,446.09000000000003,223.04500000000002,0.0,0.0,0.0,551.0
0.0,1.0,0.0,0.0,0.0,1.0,1.0,0.0,0.0,22.0,6.0,307.25,51.208333333333336,81.59,68.09,13.5,354.0
1.0,0.0,0.0,0.0,1.0,0.0,0.0,0.0,0.0,11.0,4.0,341.48,85.37,126.96,150.01999999999998,-23.059999999999988,599.0
1.0,0.0,0.0,0.0,0.0,0.0,0.0,0.0,0.0,22.0,2.0,70.97,35.485,30.73,40.24,-9.510000000000002,643.0
0.0,0.0,1.0,0.0,0.0,0.0,0.0,0.0,1.0,181.0,0.0,0.0,0.0,0.0,0.0,0.0,662.0
1.0,0.0,0.0,0.0,0.0,0.0,0.0,0.0,1.0,11.0,3.0,107.3,35.766666666666666,21.31,0.0,21.31,521.0
0.0,0.0,0.0,0.0,0.0,1.0,1.0,0.0,0.0,47.0,2.0,59.31,29.655,0.0,59.31,-59.31,639.0
0.0,0.0,0.0,1.0,1.0,0.0,1.0,0.0,0.0,6.0,4.0,616.1800000000001,154.04500000000002,158.4,86.15,72.25,618.0
0.0,0.0,0.0,0.0,1.0,0.0,1.0,0.0,0.0,25.0,1.0,169.06,169.06,169.06,0.0,169.06,300.0
0.0,1.0,0.0,0.0,0.0,1.0,0.0,1.0,0.0,49.0,1.0,29.23,29.23,0.0,29.23,-29.23,202.0
0.0,0.0,0.0,1.0,0.0,0.0,1.0,0.0,0.0,181.0,0.0,0.0,0.0,0.0,0.0,0.0,342.0
0.0,0.0,0.0,0.0,0.0,1.0,0.0,0.0,1.0,181.0,0.0,0.0,0.0,0.0,0.0,0.0,5.0
0.0,0.0,1.0,0.0,0.0,1.0,0.0,1.0,0.0,33.0,2.0,46.730000000000004,23.365000000000002,0.0,16.12,-16.12,254.0
0.0,0.0,1.0,0.0,0.0,0.0,0.0,0.0,1.0,30.0,1.0,44.4,44.4,0.0,44.4,-44.4,67.0
0.0,0.0,0.0,1.0,0.0,0.0,1.0,0.0,0.0,28.0,3.0,55.230000000000004,18.41,30.57,0.0,30.57,715.0
1.0,0.0,0.0,0.0,1.0,0.0,0.0,1.0,0.0,181.0,0.0,0.0,0.0,0.0,0.0,0.0,613.0
0.0,1.0,0.0,0.0,0.0,0.0,0.0,1.0,0.0,129.0,1.0,81.06,81.06,0.0,0.0,0.0,450.0
0.0,0.0,1.0,0.0,0.0,0.0,0.0,0.0,0.0,157.0,2.0,165.99,82.995,0.0,0.0,0.0,359.0
1.0,0.0,0.0,0.0,0.0,0.0,0.0,0.0,1.0,8.0,6.0,138.3,23.05,22.79,13.98,8.809999999999999,693.0
0.0,1.0,0.0,0.0,0.0,1.0,1.0,0.0,0.0,7.0,1.0,33.1,33.1,33.1,0.0,33.1,346.0
1.0,0.0,0.0,0.0,0.0,1.0,1.0,0.0,0.0,46.0,2.0,80.94,40.47,0.0,34.31,-34.31,221.0
0.0,0.0,0.0,1.0,0.0,0.0,0.0,1.0,0.0,181.0,0.0,0.0,0.0,0.0,0.0,0.0,694.0
1.0,0.0,0.0,0.0,0.0,1.0,0.0,0.0,1.0,181.0,0.0,0.0,0.0,0.0,0.0,0.0,66.0
0.0,0.0,0.0,0.0,0.0,0.0,0.0,1.0,0.0,68.0,1.0,56.35,56.35,0.0,0.0,0.0,79.0
0.0,0.0,0.0,1.0,0.0,0.0,1.0,0.0,0.0,37.0,3.0,129.68,43.22666666666667,0.0,59.79,-59.79,325.0
0.0,1.0,0.0,0.0,0.0,0.0,1.0,0.0,0.0,62.0,3.0,103.22,34.406666666666666,0.0,0.0,0.0,636.0
0.0,0.0,1.0,0.0,0.0,0.0,0.0,1.0,0.0,181.0,0.0,0.0,0.0,0.0,0.0,0.0,709.0
0.0,0.0,1.0,0.0,0.0,0.0,0.0,1.0,0.0,130.0,1.0,41.04,41.04,0.0,0.0,0.0,602.0
1.0,0.0,0.0,0.0,1.0,0.0,1.0,0.0,0.0,181.0,0.0,0.0,0.0,0.0,0.0,0.0,657.0
1.0,0.0,0.0,0.0,0.0,1.0,0.0,1.0,0.0,79.0,1.0,13.28,13.28,0.0,0.0,0.0,626.0
0.0,0.0,0.0,1.0,0.0,1.0,1.0,0.0,0.0,78.0,3.0,104.67999999999999,34.89333333333333,0.0,0.0,0.0,293.0
0.0,1.0,0.0,0.0,0.0,1.0,0.0,1.0,0.0,50.0,3.0,149.58,49.86000000000001,0.0,37.88,-37.88,395.0
0.0,0.0,0.0,0.0,1.0,0.0,0.0,1.0,0.0,65.0,3.0,290.67,96.89,0.0,0.0,0.0,504.0
0.0,1.0,0.0,0.0,0.0,1.0,1.0,0.0,0.0,31.0,5.0,301.11,60.222,0.0,30.3,-30.3,523.0
0.0,0.0,0.0,0.0,0.0,1.0,0.0,0.0,0.0,17.0,2.0,114.46000000000001,57.230000000000004,58.2,0.0,58.2,424.0
0.0,1.0,0.0,0.0,0.0,1.0,0.0,1.0,0.0,76.0,2.0,112.31,56.155,0.0,0.0,0.0,604.0
1.0,0.0,0.0,0.0,1.0,0.0,0.0,1.0,0.0,181.0,0.0,0.0,0.0,0.0,0.0,0.0,86.0
1.0,0.0,0.0,0.0,0.0,0.0,1.0,0.0,0.0,181.0,0.0,0.0,0.0,0.0,0.0,0.0,19.0
0.0,0.0,0.0,0.0,0.0,0.0,1.0,0.0,0.0,63.0,3.0,86.32,28.77333333333333,0.0,0.0,0.0,609.0
0.0,1.0,0.0,0.0,0.0,1.0,0.0,1.0,0.0,181.0,0.0,0.0,0.0,0.0,0.0,0.0,429.0
0.0,1.0,0.0,0.0,0.0,1.0,0.0,1.0,0.0,1.0,2.0,54.2,27.1,54.2,0.0,54.2,331.0
0.0,0.0,0.0,1.0,0.0,1.0,0.0,1.0,0.0,126.0,1.0,51.02,51.02,0.0,0.0,0.0,214.0
0.0,1.0,0.0,0.0,0.0,0.0,0.0,0.0,1.0,181.0,0.0,0.0,0.0,0.0,0.0,0.0,154.0
0.0,0.0,1.0,0.0,0.0,1.0,1.0,0.0,0.0,181.0,0.0,0.0,0.0,0.0,0.0,0.0,241.0
0.0,0.0,0.0,1.0,0.0,0.0,0.0,0.0,0.0,45.0,1.0,6.24,6.24,0.0,6.24,-6.24,130.0
0.0,0.0,1.0,0.0,0.0,1.0,1.0,0.0,0.0,181.0,0.0,0.0,0.0,0.0,0.0,0.0,71.0
0.0,0.0,0.0,1.0,1.0,0.0,0.0,0.0,1.0,181.0,0.0,0.0,0.0,0.0,0.0,0.0,312.0
0.0,0.0,0.0,1.0,0.0,0.0,1.0,0.0,0.0,25.0,2.0,119.21000000000001,59.605000000000004,78.92,0.0,78.92,114.0
0.0,0.0,1.0,0.0,0.0,1.0,1.0,0.0,0.0,11.0,3.0,117.64999999999999,39.21666666666666,46.33,0.0,46.33,322.0
1.0,0.0,0.0,0.0,0.0,1.0,0.0,0.0,1.0,96.0,1.0,41.85,41.85,0.0,0.0,0.0,265.0
0.0,0.0,0.0,1.0,0.0,0.0,0.0,1.0,0.0,181.0,0.0,0.0,0.0,0.0,0.0,0.0,47.0
0.0,0.0,0.0,0.0,1.0,0.0,1.0,0.0,0.0,49.0,6.0,404.07,67.345,0.0,81.43,-81.43,704.0
0.0,0.0,1.0,0.0,0.0,1.0,0.0,0.0,1.0,63.0,1.0,37.18,37.18,0.0,0.0,0.0,549.0
0.0,0.0,1.0,0.0,0.0,1.0,1.0,0.0,0.0,87.0,2.0,78.17,39.085,0.0,0.0,0.0,336.0
1.0,0.0,0.0,0.0,0.0,1.0,0.0,0.0,1.0,181.0,0.0,0.0,0.0,0.0,0.0,0.0,530.0
0.0,0.0,0.0,1.0,0.0,1.0,0.0,0.0,0.0,181.0,0.0,0.0,0.0,0.0,0.0,0.0,558.0
0.0,1.0,0.0,0.0,1.0,0.0,0.0,1.0,0.0,181.0,0.0,0.0,0.0,0.0,0.0,0.0,46.0
0.0,0.0,1.0,0.0,0.0,1.0,0.0,1.0,0.0,29.0,2.0,108.74000000000001,54.370000000000005,36.6,72.14,-35.54,681.0
0.0,0.0,0.0,0.0,0.0,1.0,0.0,0.0,1.0,25.0,3.0,112.71,37.57,54.76,0.0,54.76,665.0
0.0,0.0,0.0,0.0,0.0,1.0,1.0,0.0,0.0,103.0,1.0,31.73,31.73,0.0,0.0,0.0,112.0
0.0,0.0,1.0,0.0,1.0,0.0,0.0,1.0,0.0,181.0,0.0,0.0,0.0,0.0,0.0,0.0,173.0
0.0,0.0,1.0,0.0,0.0,0.0,0.0,1.0,0.0,35.0,1.0,14.16,14.16,0.0,14.16,-14.16,157.0
0.0,1.0,0.0,0.0,1.0,0.0,1.0,0.0,0.0,12.0,2.0,258.98,129.49,181.94,77.04,104.89999999999999,644.0
0.0,0.0,1.0,0.0,1.0,0.0,0.0,0.0,1.0,181.0,0.0,0.0,0.0,0.0,0.0,0.0,46.0
0.0,0.0,0.0,0.0,0.0,1.0,0.0,0.0,1.0,71.0,1.0,37.71,37.71,0.0,0.0,0.0,166.0
0.0,0.0,0.0,1.0,0.0,1.0,0.0,0.0,1.0,181.0,0.0,0.0,0.0,0.0,0.0,0.0,29.0
1.0,0.0,0.0,0.0,0.0,0.0,1.0,0.0,0.0,93.0,1.0,21.04,21.04,0.0,0.0,0.0,317.0
0.0,0.0,1.0,0.0,0.0,0.0,0.0,1.0,0.0,167.0,1.0,15.11,15.11,0.0,0.0,0.0,338.0
0.0,1.0,0.0,0.0,0.0,1.0,1.0,0.0,0.0,10.0,2.0,50.81,25.405,20.36,0.0,20.36,293.0
0.0,0.0,1.0,0.0,0.0,0.0,0.0,0.0,0.0,101.0,2.0,56.97,28.485,0.0,0.0,0.0,412.0
1.0,0.0,0.0,0.0,1.0,0.0,1.0,0.0,0.0,31.0,2.0,363.47,181.735,0.0,74.37,-74.37,366.0
0.0,1.0,0.0,0.0,0.0,0.0,1.0,0.0,0.0,9.0,4.0,173.10999999999999,43.277499999999996,13.79,0.0,13.79,619.0
0.0,0.0,1.0,0.0,0.0,1.0,0.0,0.0,1.0,96.0,5.0,156.67000000000002,31.334000000000003,0.0,0.0,0.0,674.0
0.0,0.0,1.0,0.0,0.0,1.0,1.0,0.0,0.0,35.0,1.0,45.12,45.12,0.0,45.12,-45.12,356.0
1.0,0.0,0.0,0.0,0.0,0.0,0.0,1.0,0.0,181.0,0.0,0.0,0.0,0.0,0.0,0.0,369.0
0.0,0.0,1.0,0.0,0.0,1.0,0.0,1.0,0.0,3.0,3.0,110.23,36.74333333333333,48.49,22.25,26.240000000000002,387.0
1.0,0.0,0.0,0.0,0.0,1.0,0.0,0.0,0.0,24.0,6.0,226.29999999999998,37.71666666666666,31.23,0.0,31.23,326.0
0.0,0.0,0.0,0.0,0.0,1.0,0.0,0.0,0.0,38.0,1.0,26.59,26.59,0.0,26.59,-26.59,465.0
0.0,0.0,0.0,1.0,0.0,1.0,0.0,1.0,0.0,102.0,1.0,27.25,27.25,0.0,0.0,0.0,150.0
1.0,0.0,0.0,0.0,0.0,0.0,0.0,1.0,0.0,21.0,1.0,13.92,13.92,13.92,0.0,13.92,558.0
1.0,0.0,0.0,0.0,1.0,0.0,0.0,0.0,1.0,35.0,5.0,349.88,69.976,0.0,142.09,-142.09,646.0
1.0,0.0,0.0,0.0,0.0,1.0,0.0,0.0,0.0,139.0,1.0,73.92,73.92,0.0,0.0,0.0,419.0
0.0,1.0,0.0,0.0,0.0,1.0,0.0,1.0,0.0,181.0,0.0,0.0,0.0,0.0,0.0,0.0,223.0
1.0,0.0,0.0,0.0,0.0,0.0,0.0,0.0,1.0,181.0,0.0,0.0,0.0,0.0,0.0,0.0,544.0
0.0,0.0,1.0,0.0,0.0,0.0,0.0,0.0,1.0,10.0,2.0,73.48,36.74,73.48,0.0,73.48,429.0
0.0,1.0,0.0,0.0,0.0,1.0,1.0,0.0,0.0,79.0,1.0,56.09,56.09,0.0,0.0,0.0,582.0
0.0,1.0,0.0,0.0,0.0,0.0,1.0,0.0,0.0,181.0,0.0,0.0,0.0,0.0,0.0,0.0,571.0
0.0,1.0,0.0,0.0,0.0,1.0,0.0,1.0,0.0,159.0,1.0,56.68,56.68,0.0,0.0,0.0,425.0
0.0,0.0,0.0,0.0,1.0,0.0,0.0,1.0,0.0,83.0,2.0,77.01,38.505,0.0,0.0,0.0,332.0
1.0,0.0,0.0,0.0,0.0,0.0,0.0,1.0,0.0,10.0,2.0,49.55,24.775,17.45,32.1,-14.650000000000002,86.0
1.0,0.0,0.0,0.0,0.0,0.0,0.0,0.0,1.0,181.0,0.0,0.0,0.0,0.0,0.0,0.0,466.0
0.0,0.0,0.0,1.0,1.0,0.0,1.0,0.0,0.0,7.0,4.0,442.37,110.5925,203.73,0.0,203.73,620.0
0.0,0.0,0.0,1.0,0.0,1.0,0.0,1.0,0.0,15.0,3.0,160.17000000000002,53.39000000000001,16.39,0.0,16.39,714.0
0.0,0.0,1.0,0.0,0.0,1.0,0.0,1.0,0.0,181.0,0.0,0.0,0.0,0.0,0.0,0.0,420.0
0.0,1.0,0.0,0.0,0.0,0.0,0.0,0.0,0.0,17.0,1.0,33.03,33.03,33.03,0.0,33.03,202.0
0.0,0.0,1.0,0.0,0.0,1.0,0.0,1.0,0.0,69.0,2.0,105.53999999999999,52.769999999999996,0.0,0.0,0.0,383.0
0.0,0.0,0.0,0.0,0.0,1.0,0.0,1.0,0.0,181.0,0.0,0.0,0.0,0.0,0.0,0.0,58.0
0.0,0.0,0.0,0.0,0.0,1.0,1.0,0.0,0.0,21.0,3.0,125.28,41.76,52.4,72.88,-20.479999999999997,280.0
0.0,0.0,0.0,1.0,0.0,1.0,1.0,0.0,0.0,95.0,1.0,102.29,102.29,0.0,0.0,0.0,96.0
0.0,0.0,0.0,1.0,1.0,0.0,0.0,0.0,1.0,31.0,5.0,417.54,83.50800000000001,0.0,90.13,-90.13,636.0
0.0,1.0,0.0,0.0,0.0,0.0,1.0,0.0,0.0,32.0,4.0,98.5,24.625,0.0,65.44,-65.44,299.0
0.0,1.0,0.0,0.0,0.0,0.0,0.0,1.0,0.0,181.0,0.0,0.0,0.0,0.0,0.0,0.0,658.0
0.0,0.0,0.0,1.0,0.0,0.0,1.0,0.0,0.0,181.0,0.0,0.0,0.0,0.0,0.0,0.0,370.0
1.0,0.0,0.0,0.0,0.0,1.0,1.0,0.0,0.0,7.0,5.0,167.57,33.513999999999996,74.93,10.17,64.76,192.0
1.0,0.0,0.0,0.0,0.0,0.0,1.0,0.0,0.0,181.0,0.0,0.0,0.0,0.0,0.0,0.0,19.0
1.0,0.0,0.0,0.0,0.0,1.0,1.0,0.0,0.0,58.0,2.0,670.32,335.16,0.0,640.22,-640.22,664.0
0.0,0.0,0.0,0.0,0.0,0.0,1.0,0.0,0.0,48.0,1.0,22.29,22.29,0.0,22.29,-22.29,301.0
0.0,0.0,0.0,0.0,0.0,1.0,0.0,1.0,0.0,181.0,0.0,0.0,0.0,0.0,0.0,0.0,57.0
0.0,1.0,0.0,0.0,0.0,0.0,1.0,0.0,0.0,29.0,4.0,136.9,34.225,82.66,0.0,82.66,225.0
0.0,0.0,1.0,0.0,1.0,0.0,1.0,0.0,0.0,90.0,3.0,269.45,89.81666666666666,0.0,0.0,0.0,404.0
0.0,1.0,0.0,0.0,0.0,1.0,0.0,0.0,0.0,29.0,3.0,110.73,36.910000000000004,43.0,67.73,-24.730000000000004,176.0
0.0,0.0,1.0,0.0,0.0,1.0,1.0,0.0,0.0,61.0,1.0,26.48,26.48,0.0,0.0,0.0,386.0
0.0,0.0,0.0,1.0,0.0,1.0,1.0,0.0,0.0,181.0,0.0,0.0,0.0,0.0,0.0,0.0,131.0
0.0,1.0,0.0,0.0,0.0,0.0,0.0,0.0,1.0,181.0,0.0,0.0,0.0,0.0,0.0,0.0,261.0
1.0,0.0,0.0,0.0,0.0,1.0,1.0,0.0,0.0,28.0,1.0,19.86,19.86,19.86,0.0,19.86,373.0
0.0,1.0,0.0,0.0,1.0,0.0,0.0,0.0,1.0,9.0,2.0,199.51,99.755,199.51,0.0,199.51,140.0
1.0,0.0,0.0,0.0,0.0,1.0,1.0,0.0,0.0,63.0,2.0,61.22,30.61,0.0,0.0,0.0,654.0
0.0,1.0,0.0,0.0,0.0,1.0,0.0,1.0,0.0,18.0,1.0,80.23,80.23,80.23,0.0,80.23,148.0
1.0,0.0,0.0,0.0,0.0,1.0,1.0,0.0,0.0,2.0,1.0,38.45,38.45,38.45,0.0,38.45,598.0
0.0,1.0,0.0,0.0,0.0,1.0,1.0,0.0,0.0,181.0,0.0,0.0,0.0,0.0,0.0,0.0,159.0
1.0,0.0,0.0,0.0,1.0,0.0,1.0,0.0,0.0,39.0,4.0,473.2,118.3,0.0,194.66,-194.66,601.0
0.0,0.0,0.0,0.0,1.0,0.0,1.0,0.0,0.0,10.0,1.0,56.88,56.88,56.88,0.0,56.88,46.0
0.0,0.0,1.0,0.0,0.0,1.0,0.0,1.0,0.0,181.0,0.0,0.0,0.0,0.0,0.0,0.0,667.0
0.0,0.0,1.0,0.0,1.0,0.0,1.0,0.0,0.0,26.0,2.0,156.57999999999998,78.28999999999999,88.61,0.0,88.61,415.0
0.0,1.0,0.0,0.0,1.0,0.0,0.0,0.0,1.0,29.0,7.0,812.0999999999999,116.0142857142857,164.26,216.49,-52.23000000000002,387.0
0.0,1.0,0.0,0.0,0.0,0.0,1.0,0.0,0.0,48.0,1.0,21.7,21.7,0.0,21.7,-21.7,65.0
0.0,0.0,1.0,0.0,0.0,1.0,0.0,1.0,0.0,62.0,2.0,76.34,38.17,0.0,0.0,0.0,364.0
0.0,0.0,0.0,0.0,0.0,0.0,0.0,1.0,0.0,157.0,2.0,104.71000000000001,52.355000000000004,0.0,0.0,0.0,554.0
0.0,0.0,1.0,0.0,1.0,0.0,0.0,0.0,0.0,10.0,5.0,296.37,59.274,61.43,0.0,61.43,294.0
1.0,0.0,0.0,0.0,0.0,1.0,1.0,0.0,0.0,181.0,0.0,0.0,0.0,0.0,0.0,0.0,7.0
0.0,0.0,0.0,1.0,0.0,1.0,0.0,0.0,0.0,100.0,4.0,190.31,47.5775,0.0,0.0,0.0,602.0
0.0,1.0,0.0,0.0,0.0,0.0,0.0,0.0,1.0,70.0,1.0,26.02,26.02,0.0,0.0,0.0,317.0
1.0,0.0,0.0,0.0,0.0,0.0,0.0,0.0,0.0,181.0,0.0,0.0,0.0,0.0,0.0,0.0,359.0
0.0,0.0,1.0,0.0,0.0,1.0,0.0,0.0,0.0,50.0,1.0,59.61,59.61,0.0,59.61,-59.61,91.0
0.0,1.0,0.0,0.0,0.0,1.0,1.0,0.0,0.0,44.0,2.0,72.38,36.19,0.0,45.04,-45.04,173.0
0.0,0.0,0.0,1.0,0.0,1.0,0.0,0.0,0.0,63.0,1.0,69.71,69.71,0.0,0.0,0.0,206.0
1.0,0.0,0.0,0.0,0.0,1.0,1.0,0.0,0.0,21.0,1.0,16.08,16.08,16.08,0.0,16.08,117.0
0.0,0.0,1.0,0.0,0.0,1.0,0.0,0.0,0.0,181.0,0.0,0.0,0.0,0.0,0.0,0.0,38.0
1.0,0.0,0.0,0.0,0.0,0.0,0.0,1.0,0.0,39.0,3.0,99.39,33.13,0.0,15.83,-15.83,162.0
1.0,0.0,0.0,0.0,1.0,0.0,0.0,0.0,0.0,101.0,2.0,135.57999999999998,67.78999999999999,0.0,0.0,0.0,144.0
0.0,1.0,0.0,0.0,1.0,0.0,0.0,1.0,0.0,181.0,0.0,0.0,0.0,0.0,0.0,0.0,186.0
0.0,1.0,0.0,0.0,0.0,0.0,0.0,1.0,0.0,13.0,3.0,75.25,25.083333333333332,25.97,0.0,25.97,620.0
1.0,0.0,0.0,0.0,0.0,1.0,1.0,0.0,0.0,181.0,0.0,0.0,0.0,0.0,0.0,0.0,114.0
0.0,0.0,0.0,1.0,0.0,0.0,1.0,0.0,0.0,15.0,2.0,98.33,49.165,26.38,0.0,26.38,683.0
1.0,0.0,0.0,0.0,0.0,1.0,0.0,1.0,0.0,181.0,0.0,0.0,0.0,0.0,0.0,0.0,251.0
0.0,0.0,0.0,0.0,0.0,0.0,1.0,0.0,0.0,76.0,4.0,122.22999999999999,30.557499999999997,0.0,0.0,0.0,714.0
0.0,1.0,0.0,0.0,0.0,0.0,0.0,0.0,0.0,181.0,0.0,0.0,0.0,0.0,0.0,0.0,692.0
0.0,1.0,0.0,0.0,0.0,0.0,0.0,1.0,0.0,181.0,0.0,0.0,0.0,0.0,0.0,0.0,351.0
0.0,0.0,1.0,0.0,0.0,0.0,1.0,0.0,0.0,61.0,1.0,63.04,63.04,0.0,0.0,0.0,145.0
0.0,0.0,0.0,0.0,0.0,0.0,0.0,1.0,0.0,181.0,0.0,0.0,0.0,0.0,0.0,0.0,629.0
0.0,0.0,1.0,0.0,0.0,1.0,0.0,1.0,0.0,8.0,4.0,170.71,42.6775,82.36,0.0,82.36,664.0
0.0,1.0,0.0,0.0,0.0,1.0,0.0,0.0,0.0,136.0,1.0,78.15,78.15,0.0,0.0,0.0,298.0
0.0,0.0,0.0,0.0,0.0,0.0,0.0,1.0,0.0,181.0,0.0,0.0,0.0,0.0,0.0,0.0,270.0
0.0,0.0,0.0,1.0,1.0,0.0,1.0,0.0,0.0,61.0,2.0,93.69,46.845,0.0,0.0,0.0,280.0
0.0,1.0,0.0,0.0,1.0,0.0,0.0,0.0,0.0,30.0,4.0,493.39000000000004,123.34750000000001,0.0,180.25,-180.25,622.0
1.0,0.0,0.0,0.0,0.0,0.0,1.0,0.0,0.0,28.0,3.0,79.59,26.53,37.8,0.0,37.8,292.0
0.0,0.0,1.0,0.0,0.0,0.0,0.0,0.0,0.0,28.0,3.0,81.96,27.319999999999997,23.2,58.76,-35.56,200.0
1.0,0.0,0.0,0.0,0.0,0.0,0.0,1.0,0.0,181.0,0.0,0.0,0.0,0.0,0.0,0.0,596.0
0.0,0.0,0.0,1.0,0.0,0.0,1.0,0.0,0.0,17.0,1.0,20.12,20.12,20.12,0.0,20.12,37.0
0.0,0.0,0.0,1.0,0.0,1.0,0.0,1.0,0.0,181.0,0.0,0.0,0.0,0.0,0.0,0.0,661.0
0.0,0.0,0.0,0.0,1.0,0.0,0.0,1.0,0.0,116.0,3.0,299.38,99.79333333333334,0.0,0.0,0.0,526.0
0.0,0.0,0.0,0.0,1.0,0.0,0.0,0.0,0.0,181.0,0.0,0.0,0.0,0.0,0.0,0.0,229.0
1.0,0.0,0.0,0.0,0.0,0.0,0.0,0.0,1.0,22.0,1.0,35.43,35.43,35.43,0.0,35.43,669.0
1.0,0.0,0.0,0.0,0.0,0.0,0.0,0.0,1.0,181.0,0.0,0.0,0.0,0.0,0.0,0.0,643.0
1.0,0.0,0.0,0.0,1.0,0.0,0.0,1.0,0.0,102.0,4.0,335.33000000000004,83.83250000000001,0.0,0.0,0.0,647.0
1.0,0.0,0.0,0.0,0.0,1.0,1.0,0.0,0.0,54.0,1.0,14.7,14.7,0.0,14.7,-14.7,435.0
0.0,0.0,1.0,0.0,0.0,0.0,0.0,1.0,0.0,12.0,2.0,91.03999999999999,45.519999999999996,10.57,0.0,10.57,548.0
0.0,0.0,0.0,1.0,0.0,0.0,0.0,1.0,0.0,181.0,0.0,0.0,0.0,0.0,0.0,0.0,361.0
0.0,1.0,0.0,0.0,1.0,0.0,0.0,0.0,1.0,38.0,7.0,1145.28,163.61142857142858,0.0,114.96000000000001,-114.96000000000001,641.0
0.0,0.0,0.0,0.0,0.0,1.0,1.0,0.0,0.0,10.0,2.0,76.49000000000001,38.245000000000005,36.65,0.0,36.65,161.0
1.0,0.0,0.0,0.0,0.0,1.0,0.0,0.0,0.0,31.0,1.0,15.96,15.96,0.0,15.96,-15.96,127.0
0.0,0.0,0.0,0.0,0.0,1.0,0.0,0.0,0.0,7.0,1.0,57.21,57.21,57.21,0.0,57.21,122.0
0.0,0.0,0.0,0.0,1.0,0.0,0.0,1.0,0.0,181.0,0.0,0.0,0.0,0.0,0.0,0.0,227.0
0.0,1.0,0.0,0.0,0.0,0.0,0.0,1.0,0.0,24.0,1.0,8.52,8.52,8.52,0.0,8.52,53.0
0.0,0.0,0.0,0.0,0.0,1.0,0.0,1.0,0.0,181.0,0.0,0.0,0.0,0.0,0.0,0.0,362.0
0.0,0.0,1.0,0.0,0.0,1.0,0.0,1.0,0.0,80.0,1.0,23.32,23.32,0.0,0.0,0.0,335.0
0.0,1.0,0.0,0.0,0.0,1.0,1.0,0.0,0.0,181.0,0.0,0.0,0.0,0.0,0.0,0.0,27.0
0.0,0.0,0.0,1.0,0.0,1.0,0.0,0.0,0.0,181.0,0.0,0.0,0.0,0.0,0.0,0.0,17.0
0.0,0.0,0.0,1.0,0.0,0.0,1.0,0.0,0.0,110.0,2.0,83.27000000000001,41.635000000000005,0.0,0.0,0.0,698.0
0.0,1.0,0.0,0.0,0.0,0.0,0.0,1.0,0.0,26.0,2.0,67.39,33.695,33.15,0.0,33.15,325.0
1.0,0.0,0.0,0.0,0.0,1.0,0.0,0.0,1.0,5.0,1.0,21.79,21.79,21.79,0.0,21.79,362.0
1.0,0.0,0.0,0.0,0.0,0.0,0.0,0.0,1.0,5.0,2.0,39.230000000000004,19.615000000000002,16.67,0.0,16.67,218.0
1.0,0.0,0.0,0.0,0.0,1.0,1.0,0.0,0.0,181.0,0.0,0.0,0.0,0.0,0.0,0.0,608.0
0.0,0.0,0.0,1.0,0.0,0.0,0.0,1.0,0.0,181.0,0.0,0.0,0.0,0.0,0.0,0.0,22.0
0.0,0.0,0.0,0.0,1.0,0.0,0.0,0.0,1.0,44.0,1.0,147.94,147.94,0.0,147.94,-147.94,54.0
0.0,0.0,0.0,1.0,1.0,0.0,0.0,0.0,1.0,13.0,3.0,808.7,269.56666666666666,784.5400000000001,0.0,784.5400000000001,477.0
1.0,0.0,0.0,0.0,0.0,0.0,0.0,1.0,0.0,29.0,1.0,28.64,28.64,28.64,0.0,28.64,650.0
0.0,1.0,0.0,0.0,0.0,1.0,1.0,0.0,0.0,181.0,0.0,0.0,0.0,0.0,0.0,0.0,99.0
0.0,0.0,0.0,0.0,1.0,0.0,1.0,0.0,0.0,181.0,0.0,0.0,0.0,0.0,0.0,0.0,2.0
0.0,0.0,1.0,0.0,0.0,1.0,1.0,0.0,0.0,24.0,1.0,14.51,14.51,14.51,0.0,14.51,123.0
0.0,0.0,0.0,1.0,0.0,0.0,0.0,0.0,0.0,12.0,2.0,47.68,23.84,18.13,0.0,18.13,534.0
1.0,0.0,0.0,0.0,0.0,0.0,0.0,0.0,1.0,147.0,1.0,33.76,33.76,0.0,0.0,0.0,276.0
0.0,0.0,0.0,0.0,0.0,1.0,0.0,1.0,0.0,6.0,3.0,221.35999999999999,73.78666666666666,64.16,157.2,-93.03999999999999,158.0
0.0,1.0,0.0,0.0,0.0,1.0,0.0,0.0,1.0,16.0,2.0,113.69,56.845,76.57,0.0,76.57,674.0
0.0,0.0,0.0,1.0,0.0,1.0,0.0,1.0,0.0,154.0,1.0,108.08,108.08,0.0,0.0,0.0,499.0
0.0,0.0,0.0,1.0,0.0,1.0,0.0,1.0,0.0,181.0,0.0,0.0,0.0,0.0,0.0,0.0,196.0
0.0,1.0,0.0,0.0,0.0,1.0,1.0,0.0,0.0,7.0,4.0,184.87,46.2175,84.07,0.0,84.07,682.0
0.0,1.0,0.0,0.0,0.0,1.0,1.0,0.0,0.0,103.0,1.0,12.28,12.28,0.0,0.0,0.0,655.0
1.0,0.0,0.0,0.0,0.0,1.0,0.0,1.0,0.0,38.0,1.0,20.05,20.05,0.0,20.05,-20.05,140.0
0.0,0.0,0.0,1.0,0.0,1.0,0.0,0.0,1.0,99.0,1.0,100.91,100.91,0.0,0.0,0.0,156.0
0.0,1.0,0.0,0.0,0.0,1.0,0.0,0.0,1.0,44.0,2.0,132.74,66.37,0.0,49.77,-49.77,700.0
1.0,0.0,0.0,0.0,0.0,0.0,0.0,1.0,0.0,181.0,0.0,0.0,0.0,0.0,0.0,0.0,18.0
0.0,0.0,0.0,0.0,0.0,0.0,1.0,0.0,0.0,181.0,0.0,0.0,0.0,0.0,0.0,0.0,355.0
1.0,0.0,0.0,0.0,0.0,0.0,0.0,1.0,0.0,181.0,0.0,0.0,0.0,0.0,0.0,0.0,30.0
0.0,1.0,0.0,0.0,0.0,1.0,1.0,0.0,0.0,108.0,1.0,33.61,33.61,0.0,0.0,0.0,661.0
0.0,0.0,1.0,0.0,0.0,0.0,0.0,0.0,1.0,112.0,1.0,95.64,95.64,0.0,0.0,0.0,216.0
0.0,1.0,0.0,0.0,0.0,0.0,0.0,1.0,0.0,34.0,2.0,72.43,36.215,0.0,35.97,-35.97,364.0
0.0,0.0,1.0,0.0,0.0,0.0,1.0,0.0,0.0,136.0,1.0,9.16,9.16,0.0,0.0,0.0,628.0
1.0,0.0,0.0,0.0,0.0,0.0,0.0,0.0,0.0,5.0,3.0,108.28999999999999,36.096666666666664,14.67,57.98,-43.309999999999995,624.0
0.0,1.0,0.0,0.0,0.0,1.0,0.0,1.0,0.0,44.0,3.0,105.19999999999999,35.06666666666666,0.0,75.50999999999999,-75.50999999999999,597.0
0.0,0.0,0.0,1.0,0.0,0.0,0.0,1.0,0.0,181.0,0.0,0.0,0.0,0.0,0.0,0.0,620.0
0.0,1.0,0.0,0.0,0.0,0.0,0.0,1.0,0.0,181.0,0.0,0.0,0.0,0.0,0.0,0.0,164.0
0.0,0.0,0.0,1.0,0.0,1.0,1.0,0.0,0.0,70.0,4.0,257.89,64.4725,0.0,0.0,0.0,444.0
0.0,0.0,1.0,0.0,0.0,0.0,0.0,0.0,1.0,60.0,2.0,56.45,28.225,0.0,0.0,0.0,560.0
0.0,1.0,0.0,0.0,1.0,0.0,1.0,0.0,0.0,28.0,4.0,254.85,63.7125,57.69,70.76,-13.070000000000007,392.0
0.0,0.0,1.0,0.0,0.0,0.0,0.0,1.0,0.0,181.0,0.0,0.0,0.0,0.0,0.0,0.0,350.0
0.0,0.0,1.0,0.0,1.0,0.0,1.0,0.0,0.0,33.0,2.0,269.04,134.52,0.0,269.04,-269.04,266.0
0.0,0.0,0.0,1.0,0.0,1.0,0.0,1.0,0.0,181.0,0.0,0.0,0.0,0.0,0.0,0.0,190.0
0.0,0.0,0.0,1.0,1.0,0.0,1.0,0.0,0.0,56.0,2.0,125.67,62.835,0.0,64.84,-64.84,432.0
0.0,0.0,0.0,0.0,0.0,0.0,1.0,0.0,0.0,181.0,0.0,0.0,0.0,0.0,0.0,0.0,660.0
0.0,0.0,0.0,0.0,0.0,1.0,0.0,1.0,0.0,3.0,2.0,46.34,23.17,29.33,0.0,29.33,219.0
0.0,0.0,0.0,0.0,0.0,1.0,0.0,0.0,1.0,181.0,0.0,0.0,0.0,0.0,0.0,0.0,212.0
0.0,1.0,0.0,0.0,0.0,0.0,1.0,0.0,0.0,55.0,2.0,70.11,35.055,0.0,38.45,-38.45,404.0
0.0,0.0,1.0,0.0,0.0,0.0,0.0,0.0,0.0,181.0,0.0,0.0,0.0,0.0,0.0,0.0,447.0
1.0,0.0,0.0,0.0,1.0,0.0,0.0,1.0,0.0,10.0,1.0,36.77,36.77,36.77,0.0,36.77,167.0
0.0,0.0,1.0,0.0,0.0,1.0,0.0,0.0,1.0,125.0,1.0,22.61,22.61,0.0,0.0,0.0,675.0
0.0,0.0,1.0,0.0,1.0,0.0,0.0,0.0,0.0,77.0,2.0,230.81,115.405,0.0,0.0,0.0,183.0
1.0,0.0,0.0,0.0,0.0,1.0,1.0,0.0,0.0,181.0,0.0,0.0,0.0,0.0,0.0,0.0,408.0
1.0,0.0,0.0,0.0,0.0,1.0,1.0,0.0,0.0,56.0,1.0,38.05,38.05,0.0,38.05,-38.05,203.0
0.0,0.0,1.0,0.0,0.0,0.0,1.0,0.0,0.0,8.0,2.0,59.3,29.65,42.78,16.52,26.26,219.0
0.0,0.0,1.0,0.0,0.0,1.0,1.0,0.0,0.0,154.0,1.0,30.94,30.94,0.0,0.0,0.0,413.0
0.0,0.0,0.0,0.0,0.0,0.0,0.0,1.0,0.0,181.0,0.0,0.0,0.0,0.0,0.0,0.0,23.0
0.0,0.0,0.0,0.0,1.0,0.0,1.0,0.0,0.0,15.0,5.0,324.45,64.89,142.87,0.0,142.87,516.0
0.0,0.0,1.0,0.0,0.0,1.0,0.0,0.0,0.0,181.0,0.0,0.0,0.0,0.0,0.0,0.0,383.0
0.0,0.0,0.0,0.0,0.0,1.0,1.0,0.0,0.0,181.0,0.0,0.0,0.0,0.0,0.0,0.0,427.0
0.0,0.0,0.0,1.0,0.0,1.0,0.0,0.0,1.0,62.0,3.0,138.5,46.166666666666664,0.0,0.0,0.0,662.0
1.0,0.0,0.0,0.0,0.0,0.0,0.0,0.0,1.0,6.0,1.0,30.34,30.34,30.34,0.0,30.34,501.0
0.0,0.0,1.0,0.0,0.0,1.0,0.0,0.0,1.0,44.0,2.0,147.01,73.505,0.0,61.27,-61.27,605.0
0.0,0.0,0.0,1.0,1.0,0.0,1.0,0.0,0.0,9.0,4.0,347.71000000000004,86.92750000000001,88.85,0.0,88.85,556.0
1.0,0.0,0.0,0.0,0.0,1.0,0.0,1.0,0.0,94.0,1.0,55.81,55.81,0.0,0.0,0.0,714.0
0.0,0.0,0.0,1.0,1.0,0.0,0.0,0.0,0.0,31.0,3.0,165.78,55.26,0.0,67.26,-67.26,246.0
0.0,0.0,0.0,1.0,0.0,1.0,0.0,0.0,1.0,16.0,2.0,69.42,34.71,54.86,0.0,54.86,343.0
0.0,1.0,0.0,0.0,1.0,0.0,1.0,0.0,0.0,181.0,0.0,0.0,0.0,0.0,0.0,0.0,482.0
0.0,0.0,0.0,1.0,0.0,0.0,0.0,1.0,0.0,181.0,0.0,0.0,0.0,0.0,0.0,0.0,108.0
1.0,0.0,0.0,0.0,0.0,1.0,0.0,0.0,1.0,181.0,0.0,0.0,0.0,0.0,0.0,0.0,628.0
0.0,0.0,1.0,0.0,0.0,1.0,1.0,0.0,0.0,18.0,4.0,171.55,42.8875,58.88,0.0,58.88,513.0
0.0,1.0,0.0,0.0,0.0,1.0,0.0,1.0,0.0,2.0,1.0,19.55,19.55,19.55,0.0,19.55,264.0
0.0,0.0,0.0,1.0,0.0,1.0,1.0,0.0,0.0,181.0,0.0,0.0,0.0,0.0,0.0,0.0,28.0
0.0,0.0,0.0,1.0,0.0,0.0,0.0,0.0,0.0,181.0,0.0,0.0,0.0,0.0,0.0,0.0,116.0
0.0,0.0,0.0,1.0,0.0,0.0,0.0,1.0,0.0,147.0,1.0,18.36,18.36,0.0,0.0,0.0,453.0
1.0,0.0,0.0,0.0,0.0,1.0,0.0,0.0,0.0,181.0,0.0,0.0,0.0,0.0,0.0,0.0,300.0
0.0,1.0,0.0,0.0,0.0,0.0,0.0,1.0,0.0,15.0,1.0,9.31,9.31,9.31,0.0,9.31,109.0
0.0,1.0,0.0,0.0,0.0,1.0,0.0,1.0,0.0,181.0,0.0,0.0,0.0,0.0,0.0,0.0,26.0
1.0,0.0,0.0,0.0,0.0,0.0,0.0,1.0,0.0,181.0,0.0,0.0,0.0,0.0,0.0,0.0,673.0
0.0,0.0,0.0,0.0,0.0,1.0,1.0,0.0,0.0,58.0,2.0,253.23,126.615,0.0,230.78,-230.78,703.0
0.0,1.0,0.0,0.0,0.0,1.0,0.0,1.0,0.0,181.0,0.0,0.0,0.0,0.0,0.0,0.0,389.0
1.0,0.0,0.0,0.0,0.0,1.0,1.0,0.0,0.0,181.0,0.0,0.0,0.0,0.0,0.0,0.0,133.0
0.0,1.0,0.0,0.0,0.0,1.0,1.0,0.0,0.0,41.0,1.0,66.64,66.64,0.0,66.64,-66.64,587.0
0.0,0.0,1.0,0.0,0.0,0.0,1.0,0.0,0.0,64.0,3.0,48.07,16.023333333333333,0.0,0.0,0.0,618.0
0.0,0.0,0.0,1.0,1.0,0.0,1.0,0.0,0.0,103.0,3.0,213.26999999999998,71.08999999999999,0.0,0.0,0.0,632.0
0.0,0.0,0.0,1.0,0.0,0.0,0.0,0.0,0.0,15.0,1.0,11.63,11.63,11.63,0.0,11.63,707.0
0.0,0.0,1.0,0.0,0.0,0.0,0.0,0.0,0.0,128.0,2.0,51.89,25.945,0.0,0.0,0.0,512.0
0.0,0.0,0.0,1.0,0.0,1.0,1.0,0.0,0.0,71.0,1.0,28.89,28.89,0.0,0.0,0.0,170.0
0.0,0.0,1.0,0.0,0.0,0.0,0.0,0.0,1.0,60.0,3.0,120.63,40.21,0.0,0.0,0.0,570.0
0.0,0.0,0.0,0.0,0.0,1.0,0.0,0.0,0.0,123.0,2.0,65.46000000000001,32.730000000000004,0.0,0.0,0.0,312.0
0.0,0.0,0.0,0.0,0.0,1.0,0.0,0.0,1.0,72.0,3.0,185.26999999999998,61.75666666666666,0.0,0.0,0.0,155.0
1.0,0.0,0.0,0.0,1.0,0.0,1.0,0.0,0.0,29.0,3.0,161.48000000000002,53.826666666666675,81.56,0.0,81.56,229.0
1.0,0.0,0.0,0.0,0.0,1.0,0.0,1.0,0.0,181.0,0.0,0.0,0.0,0.0,0.0,0.0,166.0
1.0,0.0,0.0,0.0,0.0,0.0,0.0,0.0,0.0,133.0,1.0,18.78,18.78,0.0,0.0,0.0,283.0
0.0,1.0,0.0,0.0,0.0,1.0,1.0,0.0,0.0,24.0,1.0,74.18,74.18,74.18,0.0,74.18,341.0
1.0,0.0,0.0,0.0,0.0,0.0,0.0,1.0,0.0,181.0,0.0,0.0,0.0,0.0,0.0,0.0,405.0
0.0,0.0,1.0,0.0,0.0,0.0,0.0,1.0,0.0,3.0,6.0,173.28,28.88,48.33,70.44999999999999,-22.11999999999999,610.0
0.0,1.0,0.0,0.0,0.0,1.0,0.0,0.0,1.0,181.0,0.0,0.0,0.0,0.0,0.0,0.0,206.0
0.0,0.0,1.0,0.0,0.0,1.0,0.0,1.0,0.0,3.0,4.0,151.79000000000002,37.947500000000005,11.0,42.02,-31.020000000000003,666.0
1.0,0.0,0.0,0.0,0.0,1.0,0.0,0.0,0.0,46.0,2.0,112.31,56.155,0.0,68.99,-68.99,142.0
0.0,1.0,0.0,0.0,0.0,1.0,1.0,0.0,0.0,61.0,1.0,49.24,49.24,0.0,0.0,0.0,414.0
1.0,0.0,0.0,0.0,1.0,0.0,0.0,0.0,0.0,181.0,0.0,0.0,0.0,0.0,0.0,0.0,628.0
1.0,0.0,0.0,0.0,0.0,1.0,0.0,0.0,0.0,36.0,1.0,57.67,57.67,0.0,57.67,-57.67,480.0
0.0,0.0,0.0,1.0,0.0,1.0,0.0,1.0,0.0,22.0,1.0,27.17,27.17,27.17,0.0,27.17,464.0
0.0,0.0,0.0,0.0,0.0,0.0,0.0,1.0,0.0,37.0,1.0,41.34,41.34,0.0,41.34,-41.34,54.0
1.0,0.0,0.0,0.0,0.0,1.0,0.0,0.0,1.0,38.0,3.0,134.2,44.73333333333333,0.0,112.69999999999999,-112.69999999999999,114.0
0.0,0.0,0.0,1.0,0.0,0.0,0.0,1.0,0.0,181.0,0.0,0.0,0.0,0.0,0.0,0.0,373.0
0.0,0.0,0.0,0.0,0.0,1.0,1.0,0.0,0.0,8.0,4.0,198.57,49.6425,6.34,0.0,6.34,425.0
0.0,0.0,0.0,0.0,0.0,0.0,0.0,0.0,0.0,181.0,0.0,0.0,0.0,0.0,0.0,0.0,641.0
0.0,1.0,0.0,0.0,0.0,1.0,0.0,0.0,1.0,181.0,0.0,0.0,0.0,0.0,0.0,0.0,616.0
0.0,0.0,0.0,1.0,0.0,1.0,0.0,1.0,0.0,181.0,0.0,0.0,0.0,0.0,0.0,0.0,149.0
0.0,1.0,0.0,0.0,0.0,1.0,0.0,0.0,1.0,33.0,2.0,63.98,31.99,0.0,63.98,-63.98,334.0
0.0,1.0,0.0,0.0,0.0,1.0,0.0,0.0,1.0,181.0,0.0,0.0,0.0,0.0,0.0,0.0,518.0
0.0,0.0,1.0,0.0,1.0,0.0,0.0,1.0,0.0,181.0,0.0,0.0,0.0,0.0,0.0,0.0,131.0
0.0,1.0,0.0,0.0,0.0,1.0,0.0,1.0,0.0,181.0,0.0,0.0,0.0,0.0,0.0,0.0,525.0
0.0,1.0,0.0,0.0,1.0,0.0,1.0,0.0,0.0,80.0,2.0,523.75,261.875,0.0,0.0,0.0,688.0
1.0,0.0,0.0,0.0,0.0,0.0,1.0,0.0,0.0,181.0,0.0,0.0,0.0,0.0,0.0,0.0,105.0
0.0,0.0,0.0,1.0,0.0,0.0,1.0,0.0,0.0,181.0,0.0,0.0,0.0,0.0,0.0,0.0,625.0
0.0,0.0,0.0,0.0,0.0,0.0,1.0,0.0,0.0,0.0,5.0,194.43,38.886,41.19,0.0,41.19,725.0
1.0,0.0,0.0,0.0,0.0,0.0,1.0,0.0,0.0,10.0,2.0,108.67,54.335,74.28,0.0,74.28,299.0
0.0,0.0,0.0,0.0,0.0,0.0,1.0,0.0,0.0,45.0,4.0,139.14,34.785,0.0,14.76,-14.76,294.0
0.0,0.0,1.0,0.0,0.0,0.0,0.0,0.0,0.0,56.0,2.0,90.22999999999999,45.114999999999995,0.0,32.86,-32.86,175.0
0.0,0.0,1.0,0.0,1.0,0.0,0.0,0.0,0.0,15.0,2.0,156.57,78.285,112.74,43.83,68.91,203.0
0.0,0.0,1.0,0.0,1.0,0.0,1.0,0.0,0.0,54.0,2.0,281.73,140.865,0.0,176.37,-176.37,407.0
1.0,0.0,0.0,0.0,0.0,1.0,1.0,0.0,0.0,59.0,2.0,55.19,27.595,0.0,36.56,-36.56,412.0
0.0,1.0,0.0,0.0,0.0,0.0,0.0,1.0,0.0,126.0,1.0,82.86,82.86,0.0,0.0,0.0,416.0
0.0,1.0,0.0,0.0,0.0,1.0,0.0,0.0,0.0,181.0,0.0,0.0,0.0,0.0,0.0,0.0,528.0
0.0,1.0,0.0,0.0,0.0,1.0,0.0,1.0,0.0,97.0,1.0,40.38,40.38,0.0,0.0,0.0,191.0
0.0,0.0,0.0,1.0,0.0,1.0,1.0,0.0,0.0,123.0,1.0,12.95,12.95,0.0,0.0,0.0,142.0
0.0,0.0,1.0,0.0,0.0,1.0,0.0,1.0,0.0,181.0,0.0,0.0,0.0,0.0,0.0,0.0,504.0
0.0,1.0,0.0,0.0,1.0,0.0,0.0,1.0,0.0,181.0,0.0,0.0,0.0,0.0,0.0,0.0,66.0
0.0,0.0,0.0,1.0,0.0,1.0,0.0,1.0,0.0,154.0,1.0,30.03,30.03,0.0,0.0,0.0,622.0
1.0,0.0,0.0,0.0,0.0,0.0,1.0,0.0,0.0,181.0,0.0,0.0,0.0,0.0,0.0,0.0,496.0
1.0,0.0,0.0,0.0,0.0,1.0,1.0,0.0,0.0,78.0,1.0,24.7,24.7,0.0,0.0,0.0,401.0
0.0,1.0,0.0,0.0,0.0,1.0,1.0,0.0,0.0,41.0,5.0,199.1,39.82,0.0,59.72,-59.72,607.0
1.0,0.0,0.0,0.0,0.0,0.0,0.0,0.0,1.0,150.0,1.0,41.63,41.63,0.0,0.0,0.0,684.0
0.0,0.0,1.0,0.0,0.0,1.0,0.0,0.0,1.0,37.0,4.0,199.46,49.865,0.0,21.55,-21.55,275.0
0.0,0.0,0.0,1.0,0.0,0.0,0.0,1.0,0.0,181.0,0.0,0.0,0.0,0.0,0.0,0.0,399.0
1.0,0.0,0.0,0.0,0.0,0.0,1.0,0.0,0.0,181.0,0.0,0.0,0.0,0.0,0.0,0.0,75.0
0.0,0.0,1.0,0.0,0.0,1.0,0.0,1.0,0.0,13.0,2.0,134.13,67.065,96.17,0.0,96.17,237.0
0.0,0.0,1.0,0.0,0.0,1.0,1.0,0.0,0.0,14.0,4.0,153.18,38.295,23.67,0.0,23.67,625.0
0.0,0.0,0.0,0.0,1.0,0.0,1.0,0.0,0.0,34.0,2.0,68.39,34.195,0.0,42.18,-42.18,653.0
0.0,0.0,1.0,0.0,0.0,0.0,0.0,1.0,0.0,29.0,3.0,81.52000000000001,27.173333333333336,38.45,0.0,38.45,646.0
0.0,0.0,0.0,1.0,0.0,1.0,0.0,0.0,0.0,95.0,3.0,123.25,41.083333333333336,0.0,0.0,0.0,637.0
1.0,0.0,0.0,0.0,1.0,0.0,0.0,0.0,0.0,77.0,2.0,106.56,53.28,0.0,0.0,0.0,487.0
0.0,0.0,0.0,1.0,1.0,0.0,0.0,1.0,0.0,181.0,0.0,0.0,0.0,0.0,0.0,0.0,349.0
0.0,0.0,0.0,1.0,0.0,1.0,1.0,0.0,0.0,20.0,6.0,212.21,35.36833333333333,23.74,64.33,-40.59,528.0
0.0,1.0,0.0,0.0,0.0,0.0,1.0,0.0,0.0,181.0,0.0,0.0,0.0,0.0,0.0,0.0,393.0
0.0,1.0,0.0,0.0,0.0,0.0,0.0,1.0,0.0,181.0,0.0,0.0,0.0,0.0,0.0,0.0,669.0
0.0,1.0,0.0,0.0,1.0,0.0,0.0,1.0,0.0,73.0,3.0,202.44,67.48,0.0,0.0,0.0,698.0
1.0,0.0,0.0,0.0,0.0,1.0,0.0,1.0,0.0,181.0,0.0,0.0,0.0,0.0,0.0,0.0,584.0
0.0,0.0,1.0,0.0,0.0,1.0,0.0,1.0,0.0,47.0,3.0,141.36,47.120000000000005,0.0,53.35,-53.35,609.0
0.0,1.0,0.0,0.0,0.0,0.0,0.0,1.0,0.0,54.0,2.0,67.28,33.64,0.0,30.1,-30.1,381.0
1.0,0.0,0.0,0.0,0.0,0.0,0.0,0.0,0.0,181.0,0.0,0.0,0.0,0.0,0.0,0.0,423.0
0.0,0.0,0.0,0.0,0.0,0.0,0.0,1.0,0.0,162.0,2.0,37.459999999999994,18.729999999999997,0.0,0.0,0.0,288.0
0.0,0.0,0.0,1.0,1.0,0.0,1.0,0.0,0.0,42.0,3.0,942.81,314.27,0.0,628.64,-628.64,413.0
1.0,0.0,0.0,0.0,0.0,1.0,0.0,0.0,1.0,181.0,0.0,0.0,0.0,0.0,0.0,0.0,151.0
0.0,0.0,1.0,0.0,0.0,0.0,0.0,0.0,0.0,127.0,2.0,40.8,20.4,0.0,0.0,0.0,705.0
0.0,1.0,0.0,0.0,0.0,1.0,0.0,1.0,0.0,6.0,5.0,189.07999999999998,37.815999999999995,69.39,0.0,69.39,556.0
1.0,0.0,0.0,0.0,0.0,0.0,0.0,1.0,0.0,181.0,0.0,0.0,0.0,0.0,0.0,0.0,313.0
0.0,1.0,0.0,0.0,0.0,1.0,0.0,1.0,0.0,166.0,1.0,28.68,28.68,0.0,0.0,0.0,560.0
0.0,0.0,0.0,1.0,0.0,0.0,1.0,0.0,0.0,181.0,0.0,0.0,0.0,0.0,0.0,0.0,277.0
0.0,1.0,0.0,0.0,0.0,0.0,1.0,0.0,0.0,4.0,2.0,47.33,23.665,33.88,13.45,20.430000000000003,145.0
1.0,0.0,0.0,0.0,0.0,0.0,1.0,0.0,0.0,24.0,5.0,182.86,36.572,51.6,0.0,51.6,647.0
1.0,0.0,0.0,0.0,0.0,1.0,1.0,0.0,0.0,181.0,0.0,0.0,0.0,0.0,0.0,0.0,313.0
0.0,1.0,0.0,0.0,0.0,0.0,0.0,1.0,0.0,181.0,0.0,0.0,0.0,0.0,0.0,0.0,113.0
0.0,1.0,0.0,0.0,1.0,0.0,1.0,0.0,0.0,93.0,2.0,432.32,216.16,0.0,0.0,0.0,578.0
1.0,0.0,0.0,0.0,0.0,1.0,1.0,0.0,0.0,181.0,0.0,0.0,0.0,0.0,0.0,0.0,202.0
0.0,0.0,1.0,0.0,0.0,1.0,1.0,0.0,0.0,1.0,1.0,37.37,37.37,37.37,0.0,37.37,637.0
1.0,0.0,0.0,0.0,0.0,1.0,1.0,0.0,0.0,77.0,1.0,33.53,33.53,0.0,0.0,0.0,171.0
0.0,0.0,0.0,1.0,0.0,0.0,0.0,0.0,1.0,7.0,3.0,347.15,115.71666666666665,21.26,0.0,21.26,281.0
0.0,0.0,0.0,0.0,0.0,1.0,0.0,0.0,1.0,125.0,1.0,42.59,42.59,0.0,0.0,0.0,625.0
1.0,0.0,0.0,0.0,0.0,1.0,0.0,1.0,0.0,35.0,2.0,119.32,59.66,0.0,57.64,-57.64,384.0
0.0,0.0,0.0,0.0,1.0,0.0,0.0,0.0,0.0,181.0,0.0,0.0,0.0,0.0,0.0,0.0,712.0
1.0,0.0,0.0,0.0,0.0,0.0,1.0,0.0,0.0,37.0,1.0,27.2,27.2,0.0,27.2,-27.2,231.0
1.0,0.0,0.0,0.0,0.0,0.0,0.0,1.0,0.0,181.0,0.0,0.0,0.0,0.0,0.0,0.0,315.0
0.0,1.0,0.0,0.0,1.0,0.0,1.0,0.0,0.0,29.0,3.0,460.93,153.64333333333335,143.69,77.24,66.45,601.0
0.0,1.0,0.0,0.0,0.0,0.0,0.0,0.0,0.0,181.0,0.0,0.0,0.0,0.0,0.0,0.0,719.0
0.0,0.0,0.0,1.0,0.0,1.0,1.0,0.0,0.0,47.0,1.0,20.54,20.54,0.0,20.54,-20.54,494.0
0.0,0.0,1.0,0.0,1.0,0.0,0.0,0.0,0.0,22.0,1.0,71.46,71.46,71.46,0.0,71.46,45.0
0.0,0.0,1.0,0.0,0.0,0.0,1.0,0.0,0.0,181.0,0.0,0.0,0.0,0.0,0.0,0.0,126.0
1.0,0.0,0.0,0.0,0.0,1.0,0.0,0.0,1.0,57.0,4.0,220.81,55.2025,0.0,45.93,-45.93,644.0
0.0,1.0,0.0,0.0,0.0,1.0,0.0,0.0,1.0,181.0,0.0,0.0,0.0,0.0,0.0,0.0,598.0
0.0,0.0,1.0,0.0,0.0,1.0,0.0,1.0,0.0,181.0,0.0,0.0,0.0,0.0,0.0,0.0,188.0
0.0,0.0,1.0,0.0,0.0,1.0,0.0,1.0,0.0,181.0,0.0,0.0,0.0,0.0,0.0,0.0,331.0
0.0,1.0,0.0,0.0,0.0,1.0,1.0,0.0,0.0,39.0,2.0,119.13000000000001,59.565000000000005,0.0,73.43,-73.43,149.0
1.0,0.0,0.0,0.0,0.0,1.0,0.0,1.0,0.0,181.0,0.0,0.0,0.0,0.0,0.0,0.0,361.0
0.0,0.0,0.0,1.0,0.0,1.0,1.0,0.0,0.0,41.0,1.0,38.5,38.5,0.0,38.5,-38.5,682.0
1.0,0.0,0.0,0.0,0.0,1.0,0.0,0.0,0.0,19.0,1.0,74.3,74.3,74.3,0.0,74.3,431.0
0.0,1.0,0.0,0.0,0.0,1.0,0.0,0.0,0.0,181.0,0.0,0.0,0.0,0.0,0.0,0.0,21.0
0.0,0.0,0.0,0.0,0.0,1.0,0.0,0.0,1.0,31.0,3.0,189.48000000000002,63.160000000000004,0.0,128.78,-128.78,111.0
0.0,1.0,0.0,0.0,0.0,0.0,1.0,0.0,0.0,181.0,0.0,0.0,0.0,0.0,0.0,0.0,323.0
0.0,0.0,1.0,0.0,0.0,0.0,1.0,0.0,0.0,38.0,2.0,80.58,40.29,0.0,27.89,-27.89,555.0
0.0,0.0,0.0,0.0,1.0,0.0,0.0,0.0,1.0,29.0,5.0,536.01,107.202,194.09,111.83,82.26,665.0
0.0,0.0,0.0,1.0,0.0,1.0,0.0,0.0,0.0,181.0,0.0,0.0,0.0,0.0,0.0,0.0,355.0
0.0,0.0,1.0,0.0,0.0,0.0,0.0,0.0,1.0,141.0,1.0,23.26,23.26,0.0,0.0,0.0,185.0
0.0,0.0,0.0,1.0,0.0,1.0,0.0,0.0,0.0,115.0,1.0,36.25,36.25,0.0,0.0,0.0,235.0
0.0,0.0,1.0,0.0,0.0,1.0,1.0,0.0,0.0,54.0,3.0,946.24,315.41333333333336,0.0,872.57,-872.57,270.0
0.0,0.0,0.0,1.0,1.0,0.0,0.0,1.0,0.0,109.0,1.0,28.86,28.86,0.0,0.0,0.0,417.0
1.0,0.0,0.0,0.0,0.0,0.0,0.0,0.0,1.0,5.0,2.0,115.88,57.94,39.51,76.37,-36.86000000000001,654.0
0.0,1.0,0.0,0.0,0.0,1.0,1.0,0.0,0.0,181.0,0.0,0.0,0.0,0.0,0.0,0.0,312.0
0.0,1.0,0.0,0.0,0.0,1.0,0.0,1.0,0.0,34.0,2.0,63.47,31.735,0.0,20.94,-20.94,393.0
0.0,0.0,0.0,1.0,0.0,0.0,0.0,0.0,0.0,31.0,1.0,15.67,15.67,0.0,15.67,-15.67,99.0
0.0,0.0,1.0,0.0,0.0,0.0,1.0,0.0,0.0,167.0,1.0,15.84,15.84,0.0,0.0,0.0,257.0
1.0,0.0,0.0,0.0,0.0,1.0,0.0,1.0,0.0,181.0,0.0,0.0,0.0,0.0,0.0,0.0,520.0
1.0,0.0,0.0,0.0,0.0,0.0,0.0,0.0,1.0,69.0,2.0,55.800000000000004,27.900000000000002,0.0,0.0,0.0,324.0
0.0,0.0,0.0,0.0,0.0,0.0,1.0,0.0,0.0,8.0,3.0,55.519999999999996,18.506666666666664,25.7,0.0,25.7,372.0
0.0,0.0,1.0,0.0,0.0,1.0,0.0,0.0,0.0,181.0,0.0,0.0,0.0,0.0,0.0,0.0,486.0
0.0,1.0,0.0,0.0,0.0,1.0,0.0,0.0,1.0,44.0,1.0,57.78,57.78,0.0,57.78,-57.78,395.0
0.0,0.0,1.0,0.0,0.0,1.0,1.0,0.0,0.0,7.0,4.0,208.45000000000002,52.112500000000004,103.28,0.0,103.28,359.0
1.0,0.0,0.0,0.0,0.0,0.0,0.0,0.0,1.0,30.0,3.0,96.1,32.03333333333333,0.0,69.67,-69.67,507.0
0.0,0.0,0.0,1.0,0.0,1.0,1.0,0.0,0.0,8.0,3.0,89.1,29.7,70.7,0.0,70.7,436.0
0.0,1.0,0.0,0.0,0.0,1.0,1.0,0.0,0.0,13.0,2.0,172.05,86.025,96.53,0.0,96.53,240.0
0.0,0.0,1.0,0.0,1.0,0.0,0.0,1.0,0.0,181.0,0.0,0.0,0.0,0.0,0.0,0.0,108.0
0.0,0.0,1.0,0.0,0.0,0.0,1.0,0.0,0.0,181.0,0.0,0.0,0.0,0.0,0.0,0.0,52.0
1.0,0.0,0.0,0.0,0.0,0.0,0.0,1.0,0.0,31.0,1.0,39.62,39.62,0.0,39.62,-39.62,439.0
0.0,1.0,0.0,0.0,1.0,0.0,1.0,0.0,0.0,54.0,4.0,326.13,81.5325,0.0,160.94,-160.94,646.0
0.0,0.0,1.0,0.0,0.0,1.0,0.0,1.0,0.0,9.0,2.0,103.11,51.555,73.87,0.0,73.87,601.0
0.0,0.0,0.0,1.0,0.0,1.0,1.0,0.0,0.0,87.0,2.0,78.81,39.405,0.0,0.0,0.0,126.0
0.0,0.0,0.0,0.0,0.0,0.0,0.0,1.0,0.0,32.0,1.0,19.43,19.43,0.0,19.43,-19.43,634.0
1.0,0.0,0.0,0.0,0.0,0.0,1.0,0.0,0.0,88.0,2.0,58.22,29.11,0.0,0.0,0.0,615.0
1.0,0.0,0.0,0.0,0.0,1.0,0.0,0.0,1.0,19.0,7.0,228.08,32.582857142857144,26.59,77.46000000000001,-50.870000000000005,286.0
0.0,0.0,1.0,0.0,0.0,0.0,0.0,1.0,0.0,181.0,0.0,0.0,0.0,0.0,0.0,0.0,83.0
0.0,0.0,1.0,0.0,1.0,0.0,0.0,0.0,0.0,181.0,0.0,0.0,0.0,0.0,0.0,0.0,48.0
0.0,0.0,0.0,0.0,0.0,0.0,0.0,0.0,1.0,26.0,4.0,106.47999999999999,26.619999999999997,32.69,40.14,-7.450000000000003,402.0
0.0,0.0,0.0,1.0,0.0,0.0,1.0,0.0,0.0,181.0,0.0,0.0,0.0,0.0,0.0,0.0,53.0
0.0,0.0,1.0,0.0,0.0,1.0,0.0,0.0,0.0,181.0,0.0,0.0,0.0,0.0,0.0,0.0,297.0
1.0,0.0,0.0,0.0,0.0,1.0,1.0,0.0,0.0,31.0,2.0,108.18,54.09,0.0,47.09,-47.09,663.0
0.0,0.0,1.0,0.0,0.0,0.0,1.0,0.0,0.0,50.0,2.0,65.07,32.535,0.0,35.01,-35.01,534.0
0.0,0.0,0.0,0.0,0.0,1.0,0.0,1.0,0.0,181.0,0.0,0.0,0.0,0.0,0.0,0.0,483.0
1.0,0.0,0.0,0.0,0.0,1.0,0.0,1.0,0.0,181.0,0.0,0.0,0.0,0.0,0.0,0.0,29.0
0.0,1.0,0.0,0.0,0.0,1.0,1.0,0.0,0.0,14.0,1.0,20.84,20.84,20.84,0.0,20.84,598.0
0.0,1.0,0.0,0.0,0.0,1.0,0.0,1.0,0.0,102.0,2.0,130.16,65.08,0.0,0.0,0.0,517.0
1.0,0.0,0.0,0.0,0.0,0.0,0.0,1.0,0.0,181.0,0.0,0.0,0.0,0.0,0.0,0.0,215.0
0.0,1.0,0.0,0.0,0.0,1.0,0.0,1.0,0.0,63.0,1.0,295.61,295.61,0.0,0.0,0.0,96.0
0.0,0.0,1.0,0.0,0.0,0.0,1.0,0.0,0.0,178.0,1.0,20.06,20.06,0.0,0.0,0.0,395.0
0.0,0.0,0.0,1.0,0.0,1.0,1.0,0.0,0.0,13.0,4.0,253.44,63.36,32.16,66.0,-33.84,661.0
0.0,0.0,1.0,0.0,0.0,0.0,0.0,0.0,1.0,80.0,1.0,23.1,23.1,0.0,0.0,0.0,226.0
0.0,0.0,0.0,0.0,1.0,0.0,0.0,1.0,0.0,181.0,0.0,0.0,0.0,0.0,0.0,0.0,7.0
0.0,0.0,1.0,0.0,0.0,1.0,1.0,0.0,0.0,164.0,1.0,25.63,25.63,0.0,0.0,0.0,722.0
1.0,0.0,0.0,0.0,0.0,1.0,1.0,0.0,0.0,30.0,3.0,192.5,64.16666666666667,0.0,49.39,-49.39,656.0
0.0,0.0,0.0,1.0,0.0,1.0,0.0,0.0,0.0,181.0,0.0,0.0,0.0,0.0,0.0,0.0,2.0
0.0,0.0,1.0,0.0,0.0,1.0,0.0,0.0,1.0,181.0,0.0,0.0,0.0,0.0,0.0,0.0,202.0
0.0,0.0,1.0,0.0,0.0,0.0,0.0,0.0,0.0,181.0,0.0,0.0,0.0,0.0,0.0,0.0,13.0
1.0,0.0,0.0,0.0,0.0,1.0,1.0,0.0,0.0,71.0,5.0,247.76,49.552,0.0,0.0,0.0,431.0
0.0,0.0,0.0,0.0,1.0,0.0,0.0,1.0,0.0,147.0,2.0,92.58,46.29,0.0,0.0,0.0,244.0
0.0,1.0,0.0,0.0,0.0,0.0,1.0,0.0,0.0,181.0,0.0,0.0,0.0,0.0,0.0,0.0,318.0
0.0,0.0,1.0,0.0,0.0,0.0,1.0,0.0,0.0,31.0,3.0,151.62,50.54,0.0,151.62,-151.62,194.0
0.0,1.0,0.0,0.0,0.0,1.0,0.0,0.0,0.0,52.0,2.0,38.08,19.04,0.0,16.43,-16.43,186.0
0.0,0.0,0.0,1.0,0.0,0.0,0.0,1.0,0.0,141.0,1.0,14.44,14.44,0.0,0.0,0.0,283.0
0.0,0.0,0.0,1.0,0.0,0.0,0.0,1.0,0.0,181.0,0.0,0.0,0.0,0.0,0.0,0.0,14.0
0.0,0.0,0.0,0.0,1.0,0.0,1.0,0.0,0.0,67.0,2.0,61.71,30.855,0.0,0.0,0.0,144.0
1.0,0.0,0.0,0.0,0.0,1.0,0.0,1.0,0.0,181.0,0.0,0.0,0.0,0.0,0.0,0.0,60.0
0.0,1.0,0.0,0.0,0.0,0.0,0.0,1.0,0.0,51.0,3.0,70.74000000000001,23.580000000000002,0.0,39.32,-39.32,474.0
0.0,0.0,0.0,1.0,0.0,0.0,0.0,0.0,0.0,85.0,1.0,42.44,42.44,0.0,0.0,0.0,322.0
1.0,0.0,0.0,0.0,1.0,0.0,1.0,0.0,0.0,36.0,4.0,312.83000000000004,78.20750000000001,0.0,37.91,-37.91,557.0
0.0,0.0,0.0,1.0,0.0,0.0,1.0,0.0,0.0,0.0,2.0,27.21,13.605,17.97,0.0,17.97,160.0
0.0,0.0,0.0,0.0,0.0,1.0,0.0,0.0,1.0,181.0,0.0,0.0,0.0,0.0,0.0,0.0,139.0
0.0,1.0,0.0,0.0,0.0,1.0,1.0,0.0,0.0,47.0,3.0,117.80000000000001,39.26666666666667,0.0,34.5,-34.5,254.0
0.0,0.0,0.0,1.0,0.0,1.0,1.0,0.0,0.0,22.0,2.0,81.7,40.85,50.93,0.0,50.93,145.0
0.0,1.0,0.0,0.0,0.0,0.0,0.0,0.0,1.0,78.0,2.0,53.37,26.685,0.0,0.0,0.0,725.0
0.0,0.0,0.0,1.0,0.0,1.0,1.0,0.0,0.0,79.0,1.0,15.96,15.96,0.0,0.0,0.0,223.0
0.0,0.0,1.0,0.0,0.0,0.0,0.0,0.0,0.0,181.0,0.0,0.0,0.0,0.0,0.0,0.0,360.0
1.0,0.0,0.0,0.0,1.0,0.0,0.0,0.0,1.0,181.0,0.0,0.0,0.0,0.0,0.0,0.0,289.0
0.0,0.0,1.0,0.0,1.0,0.0,0.0,1.0,0.0,181.0,0.0,0.0,0.0,0.0,0.0,0.0,227.0
1.0,0.0,0.0,0.0,0.0,1.0,0.0,0.0,0.0,181.0,0.0,0.0,0.0,0.0,0.0,0.0,167.0
1.0,0.0,0.0,0.0,0.0,1.0,0.0,1.0,0.0,134.0,1.0,26.09,26.09,0.0,0.0,0.0,265.0
0.0,0.0,1.0,0.0,0.0,1.0,1.0,0.0,0.0,6.0,4.0,187.0,46.75,102.13000000000001,49.97,52.16000000000001,265.0
0.0,1.0,0.0,0.0,1.0,0.0,1.0,0.0,0.0,8.0,2.0,96.28999999999999,48.144999999999996,96.28999999999999,0.0,96.28999999999999,647.0
1.0,0.0,0.0,0.0,0.0,1.0,0.0,0.0,1.0,3.0,4.0,422.6,105.65,11.64,52.05,-40.41,389.0
0.0,0.0,1.0,0.0,0.0,0.0,0.0,1.0,0.0,181.0,0.0,0.0,0.0,0.0,0.0,0.0,525.0
1.0,0.0,0.0,0.0,0.0,0.0,0.0,0.0,0.0,181.0,0.0,0.0,0.0,0.0,0.0,0.0,20.0
0.0,1.0,0.0,0.0,0.0,0.0,1.0,0.0,0.0,181.0,0.0,0.0,0.0,0.0,0.0,0.0,316.0
1.0,0.0,0.0,0.0,0.0,0.0,1.0,0.0,0.0,181.0,0.0,0.0,0.0,0.0,0.0,0.0,22.0
0.0,1.0,0.0,0.0,0.0,1.0,0.0,1.0,0.0,181.0,0.0,0.0,0.0,0.0,0.0,0.0,282.0
0.0,0.0,0.0,0.0,0.0,0.0,0.0,0.0,0.0,181.0,0.0,0.0,0.0,0.0,0.0,0.0,678.0
1.0,0.0,0.0,0.0,1.0,0.0,0.0,1.0,0.0,31.0,2.0,215.19,107.595,0.0,215.19,-215.19,120.0
0.0,0.0,1.0,0.0,0.0,0.0,0.0,1.0,0.0,22.0,2.0,40.839999999999996,20.419999999999998,14.12,0.0,14.12,716.0
0.0,0.0,0.0,1.0,0.0,1.0,1.0,0.0,0.0,61.0,2.0,171.99,85.995,0.0,0.0,0.0,583.0
0.0,0.0,0.0,0.0,0.0,1.0,1.0,0.0,0.0,50.0,1.0,25.48,25.48,0.0,25.48,-25.48,157.0
0.0,0.0,0.0,1.0,0.0,0.0,0.0,1.0,0.0,181.0,0.0,0.0,0.0,0.0,0.0,0.0,103.0
0.0,0.0,1.0,0.0,0.0,0.0,1.0,0.0,0.0,181.0,0.0,0.0,0.0,0.0,0.0,0.0,366.0
1.0,0.0,0.0,0.0,0.0,1.0,1.0,0.0,0.0,4.0,3.0,75.91999999999999,25.30666666666666,17.04,0.0,17.04,253.0
0.0,1.0,0.0,0.0,0.0,1.0,0.0,1.0,0.0,86.0,2.0,48.68,24.34,0.0,0.0,0.0,489.0
0.0,0.0,0.0,0.0,1.0,0.0,0.0,0.0,0.0,181.0,0.0,0.0,0.0,0.0,0.0,0.0,75.0
0.0,1.0,0.0,0.0,0.0,1.0,1.0,0.0,0.0,181.0,0.0,0.0,0.0,0.0,0.0,0.0,358.0
0.0,1.0,0.0,0.0,0.0,1.0,0.0,1.0,0.0,181.0,0.0,0.0,0.0,0.0,0.0,0.0,242.0
0.0,0.0,1.0,0.0,0.0,1.0,0.0,0.0,1.0,14.0,3.0,147.66,49.22,26.59,56.18,-29.59,668.0
0.0,0.0,0.0,1.0,0.0,0.0,1.0,0.0,0.0,64.0,2.0,64.25,32.125,0.0,0.0,0.0,426.0
0.0,0.0,0.0,1.0,0.0,0.0,0.0,0.0,1.0,181.0,0.0,0.0,0.0,0.0,0.0,0.0,426.0
0.0,0.0,0.0,1.0,0.0,0.0,0.0,1.0,0.0,181.0,0.0,0.0,0.0,0.0,0.0,0.0,488.0
0.0,0.0,0.0,0.0,0.0,0.0,0.0,1.0,0.0,38.0,1.0,19.44,19.44,0.0,19.44,-19.44,374.0
0.0,0.0,0.0,1.0,0.0,1.0,1.0,0.0,0.0,75.0,1.0,31.84,31.84,0.0,0.0,0.0,378.0
0.0,0.0,0.0,1.0,0.0,1.0,1.0,0.0,0.0,9.0,4.0,166.07999999999998,41.519999999999996,68.69,52.02,16.669999999999995,511.0
0.0,0.0,0.0,1.0,0.0,1.0,0.0,0.0,1.0,181.0,0.0,0.0,0.0,0.0,0.0,0.0,121.0
1.0,0.0,0.0,0.0,0.0,1.0,0.0,1.0,0.0,65.0,1.0,63.56,63.56,0.0,0.0,0.0,410.0
1.0,0.0,0.0,0.0,0.0,0.0,0.0,0.0,0.0,57.0,3.0,139.57,46.52333333333333,0.0,50.26,-50.26,155.0
0.0,0.0,1.0,0.0,1.0,0.0,1.0,0.0,0.0,181.0,0.0,0.0,0.0,0.0,0.0,0.0,717.0
0.0,0.0,1.0,0.0,1.0,0.0,1.0,0.0,0.0,181.0,0.0,0.0,0.0,0.0,0.0,0.0,105.0
0.0,0.0,1.0,0.0,0.0,1.0,0.0,0.0,0.0,112.0,1.0,11.62,11.62,0.0,0.0,0.0,643.0
0.0,0.0,1.0,0.0,0.0,1.0,0.0,1.0,0.0,181.0,0.0,0.0,0.0,0.0,0.0,0.0,415.0
0.0,0.0,1.0,0.0,0.0,1.0,0.0,0.0,0.0,46.0,2.0,114.14,57.07,0.0,31.42,-31.42,281.0
0.0,0.0,0.0,0.0,0.0,1.0,0.0,1.0,0.0,1.0,2.0,85.95,42.975,67.03,0.0,67.03,499.0
0.0,0.0,0.0,1.0,0.0,0.0,0.0,0.0,1.0,15.0,1.0,42.69,42.69,42.69,0.0,42.69,532.0
0.0,1.0,0.0,0.0,1.0,0.0,1.0,0.0,0.0,32.0,3.0,293.78999999999996,97.92999999999999,0.0,293.78999999999996,-293.78999999999996,240.0
1.0,0.0,0.0,0.0,0.0,1.0,0.0,1.0,0.0,181.0,0.0,0.0,0.0,0.0,0.0,0.0,725.0
1.0,0.0,0.0,0.0,0.0,1.0,1.0,0.0,0.0,181.0,0.0,0.0,0.0,0.0,0.0,0.0,50.0
1.0,0.0,0.0,0.0,0.0,0.0,0.0,0.0,0.0,181.0,0.0,0.0,0.0,0.0,0.0,0.0,143.0
1.0,0.0,0.0,0.0,0.0,1.0,0.0,1.0,0.0,181.0,0.0,0.0,0.0,0.0,0.0,0.0,37.0
0.0,0.0,0.0,0.0,0.0,1.0,1.0,0.0,0.0,12.0,1.0,40.14,40.14,40.14,0.0,40.14,43.0
1.0,0.0,0.0,0.0,0.0,0.0,1.0,0.0,0.0,181.0,0.0,0.0,0.0,0.0,0.0,0.0,425.0
0.0,0.0,0.0,0.0,0.0,0.0,1.0,0.0,0.0,2.0,2.0,47.07,23.535,22.89,24.18,-1.2899999999999991,171.0
0.0,1.0,0.0,0.0,1.0,0.0,0.0,0.0,1.0,181.0,0.0,0.0,0.0,0.0,0.0,0.0,0.0
0.0,0.0,1.0,0.0,0.0,1.0,0.0,0.0,0.0,181.0,0.0,0.0,0.0,0.0,0.0,0.0,234.0
0.0,0.0,0.0,1.0,0.0,0.0,0.0,1.0,0.0,181.0,0.0,0.0,0.0,0.0,0.0,0.0,58.0
0.0,0.0,1.0,0.0,1.0,0.0,0.0,0.0,1.0,43.0,3.0,341.77,113.92333333333333,0.0,79.84,-79.84,559.0
0.0,0.0,1.0,0.0,0.0,0.0,0.0,0.0,1.0,43.0,2.0,86.53,43.265,0.0,86.53,-86.53,705.0
0.0,0.0,0.0,1.0,0.0,1.0,0.0,0.0,1.0,18.0,4.0,830.06,207.515,52.74,21.86,30.880000000000003,724.0
0.0,1.0,0.0,0.0,0.0,0.0,0.0,0.0,1.0,35.0,1.0,34.4,34.4,0.0,34.4,-34.4,116.0
1.0,0.0,0.0,0.0,1.0,0.0,0.0,0.0,1.0,65.0,6.0,615.39,102.565,0.0,0.0,0.0,543.0
1.0,0.0,0.0,0.0,1.0,0.0,0.0,1.0,0.0,46.0,3.0,313.65999999999997,104.55333333333333,0.0,101.0,-101.0,496.0
1.0,0.0,0.0,0.0,0.0,0.0,0.0,1.0,0.0,97.0,1.0,21.48,21.48,0.0,0.0,0.0,219.0
1.0,0.0,0.0,0.0,1.0,0.0,1.0,0.0,0.0,6.0,2.0,138.85,69.425,42.89,95.96,-53.06999999999999,156.0
0.0,0.0,0.0,0.0,0.0,0.0,0.0,0.0,0.0,181.0,0.0,0.0,0.0,0.0,0.0,0.0,116.0
0.0,1.0,0.0,0.0,0.0,1.0,1.0,0.0,0.0,15.0,6.0,239.76999999999998,39.961666666666666,64.97999999999999,0.0,64.97999999999999,520.0
0.0,0.0,0.0,1.0,0.0,0.0,1.0,0.0,0.0,13.0,2.0,26.82,13.41,13.05,0.0,13.05,424.0
0.0,1.0,0.0,0.0,0.0,0.0,0.0,0.0,1.0,0.0,2.0,55.54,27.77,20.83,0.0,20.83,609.0
0.0,0.0,1.0,0.0,0.0,0.0,1.0,0.0,0.0,181.0,0.0,0.0,0.0,0.0,0.0,0.0,24.0
1.0,0.0,0.0,0.0,0.0,0.0,1.0,0.0,0.0,8.0,2.0,416.53,208.265,32.65,0.0,32.65,432.0
0.0,1.0,0.0,0.0,0.0,1.0,0.0,1.0,0.0,28.0,1.0,23.0,23.0,23.0,0.0,23.0,622.0
0.0,0.0,1.0,0.0,0.0,0.0,0.0,1.0,0.0,7.0,2.0,17.27,8.635,17.27,0.0,17.27,217.0
1.0,0.0,0.0,0.0,0.0,0.0,1.0,0.0,0.0,181.0,0.0,0.0,0.0,0.0,0.0,0.0,644.0
1.0,0.0,0.0,0.0,0.0,1.0,0.0,1.0,0.0,53.0,5.0,330.68,66.136,0.0,19.94,-19.94,617.0
0.0,0.0,0.0,0.0,0.0,0.0,1.0,0.0,0.0,35.0,1.0,51.5,51.5,0.0,51.5,-51.5,670.0
1.0,0.0,0.0,0.0,0.0,0.0,0.0,1.0,0.0,11.0,2.0,86.35,43.175,49.8,0.0,49.8,488.0
0.0,0.0,0.0,0.0,0.0,0.0,1.0,0.0,0.0,2.0,3.0,125.94,41.98,61.51,23.84,37.67,255.0
1.0,0.0,0.0,0.0,0.0,0.0,1.0,0.0,0.0,181.0,0.0,0.0,0.0,0.0,0.0,0.0,1.0
1.0,0.0,0.0,0.0,0.0,1.0,1.0,0.0,0.0,28.0,2.0,151.57999999999998,75.78999999999999,113.35,0.0,113.35,252.0
0.0,1.0,0.0,0.0,1.0,0.0,0.0,0.0,0.0,181.0,0.0,0.0,0.0,0.0,0.0,0.0,369.0
0.0,1.0,0.0,0.0,0.0,1.0,0.0,1.0,0.0,181.0,0.0,0.0,0.0,0.0,0.0,0.0,163.0
0.0,0.0,1.0,0.0,0.0,1.0,1.0,0.0,0.0,87.0,3.0,161.03,53.67666666666667,0.0,0.0,0.0,177.0
0.0,0.0,0.0,1.0,0.0,0.0,0.0,0.0,1.0,57.0,1.0,13.69,13.69,0.0,13.69,-13.69,336.0
1.0,0.0,0.0,0.0,0.0,1.0,1.0,0.0,0.0,8.0,3.0,191.87,63.95666666666667,52.49,0.0,52.49,707.0
0.0,0.0,1.0,0.0,0.0,1.0,0.0,1.0,0.0,181.0,0.0,0.0,0.0,0.0,0.0,0.0,520.0
0.0,0.0,1.0,0.0,0.0,0.0,1.0,0.0,0.0,181.0,0.0,0.0,0.0,0.0,0.0,0.0,71.0
0.0,0.0,1.0,0.0,0.0,0.0,1.0,0.0,0.0,181.0,0.0,0.0,0.0,0.0,0.0,0.0,61.0
0.0,0.0,0.0,1.0,0.0,1.0,0.0,1.0,0.0,181.0,0.0,0.0,0.0,0.0,0.0,0.0,165.0
0.0,1.0,0.0,0.0,1.0,0.0,0.0,0.0,1.0,3.0,5.0,2816.74,563.348,26.6,2619.48,-2592.88,324.0
0.0,0.0,0.0,1.0,0.0,1.0,1.0,0.0,0.0,157.0,1.0,48.73,48.73,0.0,0.0,0.0,694.0
0.0,0.0,1.0,0.0,0.0,1.0,0.0,0.0,0.0,90.0,3.0,183.95,61.31666666666666,0.0,0.0,0.0,508.0
0.0,1.0,0.0,0.0,0.0,1.0,1.0,0.0,0.0,112.0,1.0,14.86,14.86,0.0,0.0,0.0,425.0
0.0,0.0,0.0,1.0,0.0,0.0,1.0,0.0,0.0,46.0,1.0,33.89,33.89,0.0,33.89,-33.89,511.0
0.0,1.0,0.0,0.0,0.0,1.0,0.0,0.0,1.0,3.0,3.0,88.17,29.39,16.2,71.97,-55.769999999999996,583.0
0.0,0.0,0.0,0.0,0.0,1.0,1.0,0.0,0.0,95.0,2.0,71.77,35.885,0.0,0.0,0.0,209.0
1.0,0.0,0.0,0.0,0.0,0.0,1.0,0.0,0.0,177.0,1.0,49.49,49.49,0.0,0.0,0.0,199.0
0.0,1.0,0.0,0.0,0.0,1.0,1.0,0.0,0.0,181.0,0.0,0.0,0.0,0.0,0.0,0.0,28.0
0.0,1.0,0.0,0.0,0.0,1.0,0.0,0.0,1.0,62.0,2.0,49.629999999999995,24.814999999999998,0.0,0.0,0.0,390.0
0.0,0.0,0.0,0.0,1.0,0.0,0.0,1.0,0.0,22.0,3.0,330.76,110.25333333333333,174.67,0.0,174.67,382.0
0.0,0.0,0.0,0.0,0.0,1.0,0.0,0.0,1.0,181.0,0.0,0.0,0.0,0.0,0.0,0.0,462.0
1.0,0.0,0.0,0.0,0.0,1.0,0.0,1.0,0.0,84.0,4.0,127.51,31.8775,0.0,0.0,0.0,413.0
0.0,0.0,0.0,1.0,0.0,1.0,0.0,0.0,1.0,16.0,3.0,232.09,77.36333333333333,25.58,104.72,-79.14,269.0
1.0,0.0,0.0,0.0,1.0,0.0,0.0,0.0,1.0,6.0,10.0,915.1800000000001,91.518,96.73,26.06,70.67,552.0
1.0,0.0,0.0,0.0,1.0,0.0,0.0,0.0,1.0,54.0,3.0,171.61,57.20333333333334,0.0,77.4,-77.4,515.0
0.0,0.0,1.0,0.0,0.0,1.0,0.0,0.0,1.0,45.0,4.0,110.62,27.655,0.0,69.5,-69.5,490.0
0.0,0.0,0.0,1.0,0.0,1.0,0.0,0.0,0.0,165.0,1.0,45.93,45.93,0.0,0.0,0.0,551.0
1.0,0.0,0.0,0.0,0.0,1.0,0.0,1.0,0.0,39.0,4.0,139.51,34.8775,0.0,55.19,-55.19,192.0
0.0,0.0,1.0,0.0,0.0,0.0,1.0,0.0,0.0,27.0,1.0,25.86,25.86,25.86,0.0,25.86,630.0
0.0,0.0,1.0,0.0,0.0,1.0,1.0,0.0,0.0,32.0,1.0,12.82,12.82,0.0,12.82,-12.82,348.0
0.0,0.0,1.0,0.0,0.0,0.0,0.0,1.0,0.0,181.0,0.0,0.0,0.0,0.0,0.0,0.0,498.0
1.0,0.0,0.0,0.0,0.0,1.0,0.0,0.0,1.0,181.0,0.0,0.0,0.0,0.0,0.0,0.0,503.0
0.0,0.0,1.0,0.0,0.0,0.0,0.0,0.0,0.0,57.0,1.0,20.3,20.3,0.0,20.3,-20.3,212.0
0.0,0.0,1.0,0.0,0.0,0.0,1.0,0.0,0.0,0.0,5.0,243.79,48.757999999999996,74.15,0.0,74.15,502.0
0.0,0.0,1.0,0.0,0.0,1.0,0.0,1.0,0.0,181.0,0.0,0.0,0.0,0.0,0.0,0.0,698.0
0.0,1.0,0.0,0.0,0.0,0.0,0.0,0.0,1.0,181.0,0.0,0.0,0.0,0.0,0.0,0.0,392.0
0.0,0.0,0.0,0.0,0.0,0.0,1.0,0.0,0.0,47.0,1.0,75.09,75.09,0.0,75.09,-75.09,520.0
1.0,0.0,0.0,0.0,0.0,0.0,1.0,0.0,0.0,10.0,6.0,499.62,83.27,54.65,37.27,17.379999999999995,690.0
1.0,0.0,0.0,0.0,1.0,0.0,1.0,0.0,0.0,5.0,5.0,533.89,106.77799999999999,98.87,299.15999999999997,-200.28999999999996,598.0
0.0,0.0,0.0,0.0,0.0,0.0,0.0,0.0,0.0,147.0,1.0,21.7,21.7,0.0,0.0,0.0,267.0
0.0,0.0,1.0,0.0,0.0,0.0,1.0,0.0,0.0,181.0,0.0,0.0,0.0,0.0,0.0,0.0,166.0
0.0,1.0,0.0,0.0,0.0,0.0,0.0,0.0,1.0,73.0,3.0,158.31,52.77,0.0,0.0,0.0,212.0
1.0,0.0,0.0,0.0,0.0,0.0,0.0,1.0,0.0,181.0,0.0,0.0,0.0,0.0,0.0,0.0,411.0
0.0,0.0,0.0,1.0,0.0,1.0,1.0,0.0,0.0,181.0,0.0,0.0,0.0,0.0,0.0,0.0,172.0
0.0,0.0,0.0,1.0,0.0,1.0,0.0,0.0,0.0,134.0,1.0,42.48,42.48,0.0,0.0,0.0,462.0
0.0,1.0,0.0,0.0,0.0,0.0,0.0,1.0,0.0,29.0,1.0,25.04,25.04,25.04,0.0,25.04,415.0
0.0,1.0,0.0,0.0,0.0,1.0,0.0,1.0,0.0,181.0,0.0,0.0,0.0,0.0,0.0,0.0,397.0
1.0,0.0,0.0,0.0,0.0,1.0,1.0,0.0,0.0,48.0,4.0,174.34,43.585,0.0,16.98,-16.98,587.0
1.0,0.0,0.0,0.0,0.0,0.0,0.0,1.0,0.0,44.0,1.0,26.0,26.0,0.0,26.0,-26.0,283.0
0.0,0.0,0.0,1.0,0.0,1.0,0.0,0.0,0.0,181.0,0.0,0.0,0.0,0.0,0.0,0.0,413.0
1.0,0.0,0.0,0.0,0.0,1.0,0.0,1.0,0.0,181.0,0.0,0.0,0.0,0.0,0.0,0.0,317.0
0.0,0.0,1.0,0.0,0.0,0.0,0.0,0.0,1.0,75.0,1.0,49.06,49.06,0.0,0.0,0.0,106.0
0.0,0.0,0.0,0.0,0.0,1.0,0.0,1.0,0.0,126.0,1.0,21.3,21.3,0.0,0.0,0.0,157.0
0.0,1.0,0.0,0.0,0.0,1.0,1.0,0.0,0.0,49.0,1.0,69.83,69.83,0.0,69.83,-69.83,618.0
0.0,1.0,0.0,0.0,0.0,0.0,0.0,0.0,1.0,181.0,0.0,0.0,0.0,0.0,0.0,0.0,645.0
0.0,0.0,0.0,1.0,0.0,0.0,0.0,1.0,0.0,181.0,0.0,0.0,0.0,0.0,0.0,0.0,30.0
0.0,0.0,0.0,1.0,0.0,0.0,1.0,0.0,0.0,181.0,0.0,0.0,0.0,0.0,0.0,0.0,265.0
1.0,0.0,0.0,0.0,0.0,0.0,1.0,0.0,0.0,74.0,1.0,23.75,23.75,0.0,0.0,0.0,191.0
0.0,1.0,0.0,0.0,0.0,1.0,0.0,1.0,0.0,9.0,2.0,145.92,72.96,53.01,0.0,53.01,413.0
0.0,0.0,0.0,1.0,0.0,1.0,1.0,0.0,0.0,181.0,0.0,0.0,0.0,0.0,0.0,0.0,27.0
0.0,0.0,0.0,1.0,0.0,1.0,0.0,1.0,0.0,181.0,0.0,0.0,0.0,0.0,0.0,0.0,578.0
1.0,0.0,0.0,0.0,0.0,1.0,1.0,0.0,0.0,181.0,0.0,0.0,0.0,0.0,0.0,0.0,402.0
0.0,0.0,1.0,0.0,1.0,0.0,0.0,0.0,0.0,0.0,2.0,164.75,82.375,87.69,0.0,87.69,308.0
0.0,0.0,1.0,0.0,1.0,0.0,0.0,0.0,0.0,0.0,3.0,349.78,116.59333333333332,274.06,75.72,198.34,109.0
0.0,0.0,0.0,1.0,0.0,1.0,0.0,0.0,1.0,37.0,4.0,154.47,38.6175,0.0,43.12,-43.12,463.0
1.0,0.0,0.0,0.0,0.0,1.0,0.0,0.0,1.0,36.0,1.0,97.7,97.7,0.0,97.7,-97.7,149.0
0.0,0.0,1.0,0.0,0.0,1.0,0.0,0.0,1.0,10.0,2.0,45.59,22.795,21.13,24.46,-3.330000000000002,464.0
0.0,0.0,0.0,1.0,0.0,0.0,0.0,1.0,0.0,181.0,0.0,0.0,0.0,0.0,0.0,0.0,610.0
0.0,0.0,0.0,0.0,0.0,1.0,0.0,1.0,0.0,181.0,0.0,0.0,0.0,0.0,0.0,0.0,369.0
0.0,0.0,0.0,1.0,0.0,0.0,0.0,1.0,0.0,4.0,1.0,15.93,15.93,15.93,0.0,15.93,392.0
0.0,0.0,0.0,0.0,0.0,0.0,0.0,1.0,0.0,12.0,2.0,80.9,40.45,40.78,0.0,40.78,453.0
1.0,0.0,0.0,0.0,0.0,1.0,1.0,0.0,0.0,181.0,0.0,0.0,0.0,0.0,0.0,0.0,334.0
1.0,0.0,0.0,0.0,1.0,0.0,1.0,0.0,0.0,12.0,6.0,466.42,77.73666666666666,90.14,85.26,4.8799999999999955,514.0
0.0,0.0,0.0,1.0,0.0,1.0,0.0,0.0,1.0,181.0,0.0,0.0,0.0,0.0,0.0,0.0,599.0
0.0,1.0,0.0,0.0,0.0,0.0,0.0,0.0,1.0,181.0,0.0,0.0,0.0,0.0,0.0,0.0,555.0
0.0,0.0,0.0,0.0,0.0,0.0,0.0,1.0,0.0,74.0,3.0,77.86,25.953333333333333,0.0,0.0,0.0,145.0
1.0,0.0,0.0,0.0,0.0,1.0,0.0,1.0,0.0,115.0,2.0,93.30000000000001,46.650000000000006,0.0,0.0,0.0,339.0
0.0,0.0,0.0,1.0,0.0,0.0,0.0,1.0,0.0,181.0,0.0,0.0,0.0,0.0,0.0,0.0,469.0
0.0,0.0,1.0,0.0,0.0,1.0,0.0,1.0,0.0,97.0,2.0,100.11000000000001,50.05500000000001,0.0,0.0,0.0,430.0
0.0,0.0,1.0,0.0,0.0,1.0,1.0,0.0,0.0,181.0,0.0,0.0,0.0,0.0,0.0,0.0,206.0
0.0,1.0,0.0,0.0,0.0,1.0,1.0,0.0,0.0,181.0,0.0,0.0,0.0,0.0,0.0,0.0,180.0
0.0,0.0,1.0,0.0,0.0,1.0,0.0,0.0,0.0,181.0,0.0,0.0,0.0,0.0,0.0,0.0,180.0
1.0,0.0,0.0,0.0,1.0,0.0,0.0,0.0,0.0,30.0,11.0,805.35,73.21363636363637,0.0,42.16,-42.16,539.0
0.0,0.0,1.0,0.0,0.0,1.0,0.0,0.0,0.0,181.0,0.0,0.0,0.0,0.0,0.0,0.0,452.0
1.0,0.0,0.0,0.0,0.0,1.0,1.0,0.0,0.0,181.0,0.0,0.0,0.0,0.0,0.0,0.0,46.0
0.0,1.0,0.0,0.0,0.0,0.0,0.0,1.0,0.0,89.0,2.0,77.94,38.97,0.0,0.0,0.0,673.0
0.0,1.0,0.0,0.0,1.0,0.0,1.0,0.0,0.0,181.0,0.0,0.0,0.0,0.0,0.0,0.0,398.0
0.0,0.0,0.0,1.0,0.0,0.0,0.0,1.0,0.0,181.0,0.0,0.0,0.0,0.0,0.0,0.0,210.0
0.0,0.0,0.0,0.0,0.0,1.0,1.0,0.0,0.0,181.0,0.0,0.0,0.0,0.0,0.0,0.0,330.0
1.0,0.0,0.0,0.0,0.0,1.0,0.0,0.0,0.0,118.0,1.0,34.71,34.71,0.0,0.0,0.0,499.0
0.0,1.0,0.0,0.0,0.0,0.0,0.0,1.0,0.0,95.0,2.0,74.83000000000001,37.415000000000006,0.0,0.0,0.0,292.0
0.0,1.0,0.0,0.0,0.0,0.0,0.0,0.0,0.0,19.0,3.0,43.620000000000005,14.540000000000001,43.620000000000005,0.0,43.620000000000005,350.0
1.0,0.0,0.0,0.0,0.0,0.0,1.0,0.0,0.0,107.0,2.0,47.39,23.695,0.0,0.0,0.0,450.0
0.0,0.0,0.0,1.0,0.0,1.0,0.0,0.0,1.0,2.0,2.0,58.24,29.12,34.81,0.0,34.81,325.0
0.0,0.0,0.0,1.0,0.0,1.0,0.0,1.0,0.0,181.0,0.0,0.0,0.0,0.0,0.0,0.0,119.0
1.0,0.0,0.0,0.0,0.0,1.0,1.0,0.0,0.0,181.0,0.0,0.0,0.0,0.0,0.0,0.0,299.0
0.0,0.0,0.0,1.0,0.0,1.0,1.0,0.0,0.0,169.0,1.0,27.0,27.0,0.0,0.0,0.0,273.0
0.0,0.0,1.0,0.0,0.0,1.0,0.0,0.0,0.0,181.0,0.0,0.0,0.0,0.0,0.0,0.0,66.0
1.0,0.0,0.0,0.0,0.0,1.0,0.0,0.0,0.0,48.0,1.0,52.56,52.56,0.0,52.56,-52.56,245.0
1.0,0.0,0.0,0.0,0.0,1.0,0.0,0.0,1.0,28.0,2.0,92.77,46.385,42.97,0.0,42.97,250.0
0.0,0.0,0.0,0.0,1.0,0.0,0.0,0.0,1.0,78.0,1.0,96.37,96.37,0.0,0.0,0.0,162.0
0.0,0.0,0.0,1.0,1.0,0.0,0.0,1.0,0.0,85.0,1.0,860.79,860.79,0.0,0.0,0.0,608.0
0.0,0.0,1.0,0.0,0.0,1.0,0.0,0.0,0.0,89.0,2.0,50.37,25.185,0.0,0.0,0.0,256.0
0.0,1.0,0.0,0.0,0.0,1.0,0.0,0.0,1.0,22.0,3.0,189.98,63.32666666666666,81.92,21.54,60.38,557.0
0.0,0.0,0.0,0.0,0.0,1.0,1.0,0.0,0.0,15.0,2.0,52.44,26.22,20.47,0.0,20.47,678.0
0.0,0.0,0.0,1.0,0.0,1.0,0.0,0.0,0.0,181.0,0.0,0.0,0.0,0.0,0.0,0.0,690.0
0.0,0.0,0.0,0.0,0.0,0.0,0.0,0.0,0.0,87.0,2.0,94.31,47.155,0.0,0.0,0.0,507.0
1.0,0.0,0.0,0.0,1.0,0.0,0.0,1.0,0.0,54.0,2.0,186.11,93.055,0.0,37.08,-37.08,536.0
1.0,0.0,0.0,0.0,0.0,0.0,0.0,0.0,0.0,181.0,0.0,0.0,0.0,0.0,0.0,0.0,81.0
1.0,0.0,0.0,0.0,0.0,1.0,0.0,1.0,0.0,181.0,0.0,0.0,0.0,0.0,0.0,0.0,35.0
0.0,1.0,0.0,0.0,0.0,1.0,0.0,0.0,1.0,3.0,2.0,117.12,58.56,78.95,38.17,40.78,534.0
1.0,0.0,0.0,0.0,0.0,1.0,0.0,1.0,0.0,58.0,2.0,117.32,58.66,0.0,47.54,-47.54,403.0
0.0,1.0,0.0,0.0,0.0,1.0,0.0,0.0,0.0,181.0,0.0,0.0,0.0,0.0,0.0,0.0,142.0
0.0,0.0,0.0,1.0,0.0,0.0,0.0,1.0,0.0,11.0,3.0,99.34,33.11333333333334,26.11,57.37,-31.259999999999998,691.0
1.0,0.0,0.0,0.0,0.0,1.0,0.0,0.0,0.0,181.0,0.0,0.0,0.0,0.0,0.0,0.0,81.0
0.0,0.0,0.0,1.0,0.0,1.0,0.0,0.0,1.0,31.0,2.0,77.75,38.875,0.0,39.43,-39.43,421.0
0.0,0.0,0.0,1.0,0.0,1.0,0.0,1.0,0.0,181.0,0.0,0.0,0.0,0.0,0.0,0.0,304.0
0.0,1.0,0.0,0.0,0.0,0.0,0.0,0.0,1.0,155.0,1.0,35.79,35.79,0.0,0.0,0.0,174.0
0.0,1.0,0.0,0.0,1.0,0.0,1.0,0.0,0.0,144.0,2.0,151.09,75.545,0.0,0.0,0.0,248.0
0.0,0.0,0.0,0.0,0.0,1.0,1.0,0.0,0.0,69.0,2.0,109.24000000000001,54.620000000000005,0.0,0.0,0.0,280.0
1.0,0.0,0.0,0.0,0.0,1.0,0.0,0.0,0.0,181.0,0.0,0.0,0.0,0.0,0.0,0.0,123.0
1.0,0.0,0.0,0.0,0.0,1.0,1.0,0.0,0.0,1.0,2.0,52.83,26.415,17.43,35.4,-17.97,496.0
1.0,0.0,0.0,0.0,0.0,1.0,0.0,0.0,1.0,10.0,3.0,189.60999999999999,63.203333333333326,156.85,32.76,124.09,519.0
0.0,0.0,0.0,1.0,1.0,0.0,0.0,1.0,0.0,27.0,2.0,128.21,64.105,69.18,59.03,10.150000000000006,365.0
0.0,0.0,0.0,1.0,0.0,0.0,0.0,1.0,0.0,181.0,0.0,0.0,0.0,0.0,0.0,0.0,394.0
0.0,0.0,1.0,0.0,0.0,1.0,0.0,1.0,0.0,8.0,1.0,39.14,39.14,39.14,0.0,39.14,508.0
0.0,0.0,0.0,1.0,0.0,1.0,0.0,1.0,0.0,14.0,4.0,165.67,41.4175,34.13,0.0,34.13,554.0
0.0,1.0,0.0,0.0,0.0,1.0,0.0,0.0,0.0,65.0,1.0,37.6,37.6,0.0,0.0,0.0,370.0
0.0,0.0,0.0,0.0,0.0,1.0,0.0,0.0,0.0,13.0,1.0,47.99,47.99,47.99,0.0,47.99,271.0
0.0,0.0,1.0,0.0,0.0,1.0,1.0,0.0,0.0,35.0,2.0,60.059999999999995,30.029999999999998,0.0,33.98,-33.98,433.0
0.0,0.0,0.0,0.0,0.0,1.0,0.0,0.0,0.0,25.0,4.0,87.35,21.8375,52.9,0.0,52.9,267.0
0.0,0.0,0.0,1.0,0.0,0.0,1.0,0.0,0.0,181.0,0.0,0.0,0.0,0.0,0.0,0.0,510.0
1.0,0.0,0.0,0.0,0.0,0.0,1.0,0.0,0.0,2.0,6.0,133.59,22.265,58.28,0.0,58.28,566.0
0.0,0.0,1.0,0.0,0.0,1.0,0.0,1.0,0.0,49.0,2.0,93.94,46.97,0.0,20.9,-20.9,661.0
1.0,0.0,0.0,0.0,1.0,0.0,0.0,0.0,0.0,181.0,0.0,0.0,0.0,0.0,0.0,0.0,3.0
0.0,0.0,0.0,1.0,0.0,1.0,0.0,0.0,1.0,28.0,1.0,41.82,41.82,41.82,0.0,41.82,30.0
0.0,1.0,0.0,0.0,1.0,0.0,0.0,1.0,0.0,113.0,1.0,42.63,42.63,0.0,0.0,0.0,267.0
1.0,0.0,0.0,0.0,0.0,0.0,0.0,0.0,1.0,85.0,2.0,28.93,14.465,0.0,0.0,0.0,551.0
0.0,0.0,1.0,0.0,0.0,0.0,0.0,0.0,0.0,96.0,3.0,52.72,17.573333333333334,0.0,0.0,0.0,501.0
0.0,1.0,0.0,0.0,0.0,1.0,1.0,0.0,0.0,181.0,0.0,0.0,0.0,0.0,0.0,0.0,593.0
0.0,0.0,0.0,0.0,0.0,1.0,0.0,0.0,1.0,181.0,0.0,0.0,0.0,0.0,0.0,0.0,459.0
0.0,0.0,0.0,1.0,0.0,1.0,0.0,0.0,1.0,1.0,5.0,200.38,40.076,61.62,0.0,61.62,653.0
0.0,0.0,1.0,0.0,1.0,0.0,0.0,1.0,0.0,106.0,5.0,456.21999999999997,91.244,0.0,0.0,0.0,389.0
0.0,0.0,0.0,1.0,0.0,1.0,0.0,1.0,0.0,18.0,3.0,86.65,28.883333333333336,57.239999999999995,29.41,27.829999999999995,284.0
0.0,1.0,0.0,0.0,0.0,0.0,0.0,0.0,1.0,46.0,4.0,175.59,43.8975,0.0,91.56,-91.56,641.0
0.0,0.0,1.0,0.0,0.0,0.0,1.0,0.0,0.0,33.0,1.0,33.96,33.96,0.0,33.96,-33.96,159.0
0.0,0.0,1.0,0.0,0.0,1.0,1.0,0.0,0.0,8.0,3.0,76.69,25.563333333333333,13.31,0.0,13.31,354.0
0.0,0.0,1.0,0.0,1.0,0.0,0.0,1.0,0.0,181.0,0.0,0.0,0.0,0.0,0.0,0.0,455.0
0.0,0.0,1.0,0.0,0.0,1.0,0.0,1.0,0.0,181.0,0.0,0.0,0.0,0.0,0.0,0.0,317.0
1.0,0.0,0.0,0.0,0.0,1.0,1.0,0.0,0.0,84.0,3.0,412.28999999999996,137.42999999999998,0.0,0.0,0.0,583.0
0.0,0.0,0.0,0.0,0.0,1.0,0.0,1.0,0.0,118.0,2.0,158.01,79.005,0.0,0.0,0.0,552.0
0.0,1.0,0.0,0.0,0.0,0.0,0.0,1.0,0.0,181.0,0.0,0.0,0.0,0.0,0.0,0.0,502.0
0.0,0.0,1.0,0.0,0.0,0.0,0.0,0.0,0.0,126.0,2.0,79.53,39.765,0.0,0.0,0.0,331.0
0.0,0.0,1.0,0.0,0.0,1.0,0.0,1.0,0.0,181.0,0.0,0.0,0.0,0.0,0.0,0.0,609.0
0.0,0.0,1.0,0.0,0.0,0.0,1.0,0.0,0.0,84.0,1.0,39.01,39.01,0.0,0.0,0.0,242.0
1.0,0.0,0.0,0.0,0.0,0.0,0.0,1.0,0.0,181.0,0.0,0.0,0.0,0.0,0.0,0.0,212.0
0.0,0.0,0.0,0.0,0.0,0.0,1.0,0.0,0.0,181.0,0.0,0.0,0.0,0.0,0.0,0.0,672.0
0.0,1.0,0.0,0.0,0.0,1.0,0.0,0.0,1.0,96.0,2.0,32.739999999999995,16.369999999999997,0.0,0.0,0.0,433.0
0.0,0.0,0.0,1.0,0.0,1.0,0.0,1.0,0.0,181.0,0.0,0.0,0.0,0.0,0.0,0.0,23.0
0.0,0.0,1.0,0.0,0.0,1.0,0.0,1.0,0.0,47.0,1.0,41.77,41.77,0.0,41.77,-41.77,106.0
